<?xml version = '1.0' encoding = 'UTF-8'?>
<FKIndexAssociation class="oracle.dbtools.crest.model.design.relational.FKIndexAssociation" directorySegmentName="seg_0" id="0F2B690D-7656-86D5-1F4F-E8278CC2E171" containerWithKeyObject="1A1D30A8-2EC5-FC96-E3FE-26256C5D4E38" localFKIndex="BD50D785-D1F6-6A94-4A32-83DE4F85FD24" name="EmployeeTerritories_Territories_FK">
<createdBy>sergi</createdBy>
<createdTime>2020-10-30 09:45:14 UTC</createdTime>
<generatorID>E041E610-175A-6500-D30D-EA90BBFE2DEE</generatorID>
<ownerDesignName>Diseño Lógico</ownerDesignName>
<referredTableLongName>Territories</referredTableLongName>
<deleteRule>NO ACTION</deleteRule>
<referredTableID>38A828B2-5903-3FA7-C7AB-1DDCD5E5592B</referredTableID>
<keyObject>C4589A6D-59B9-24F8-9A0B-28271FF186B4</keyObject>
<referredKeyID>C4589A6D-59B9-24F8-9A0B-28271FF186B4</referredKeyID>
<mandatory>true</mandatory>
<refColNames>TerritoryID</refColNames>
<transferable>true</transferable>
<rely>false</rely>
<columnDependencyConstraintGenerateInDDL>true</columnDependencyConstraintGenerateInDDL>
</FKIndexAssociation>