<?xml version = '1.0' encoding = 'UTF-8'?>
<FKIndexAssociation class="oracle.dbtools.crest.model.design.relational.FKIndexAssociation" directorySegmentName="seg_0" id="32B36FB7-5E03-6DA8-EABB-D6A9F44D0B2A" containerWithKeyObject="0A0F10A6-A54C-0036-359C-B5D8FE963A22" localFKIndex="77F2FF17-B7F2-2373-A082-DE1663D99530" name="OrderDetails_Products_FK">
<createdBy>sergi</createdBy>
<createdTime>2020-10-30 09:45:14 UTC</createdTime>
<generatorID>BE66F276-F211-94AC-1693-2F08827B0B6D</generatorID>
<ownerDesignName>Diseño Lógico</ownerDesignName>
<referredTableLongName>Products</referredTableLongName>
<deleteRule>NO ACTION</deleteRule>
<referredTableID>FBF8FBF0-9310-113F-2DFD-DEC878342E7A</referredTableID>
<keyObject>65DC0DF7-A083-EE9F-4415-8DDE5D8CF785</keyObject>
<referredKeyID>65DC0DF7-A083-EE9F-4415-8DDE5D8CF785</referredKeyID>
<mandatory>true</mandatory>
<refColNames>ProductID</refColNames>
<transferable>true</transferable>
<rely>false</rely>
<columnDependencyConstraintGenerateInDDL>true</columnDependencyConstraintGenerateInDDL>
</FKIndexAssociation>