<?xml version = '1.0' encoding = 'UTF-8'?>
<FKIndexAssociation class="oracle.dbtools.crest.model.design.relational.FKIndexAssociation" directorySegmentName="seg_0" id="49547E2F-4A80-5AD6-47D1-48DF3F86D039" containerWithKeyObject="1A1D30A8-2EC5-FC96-E3FE-26256C5D4E38" localFKIndex="8F7F4F40-7B60-2931-178F-3F2127E50083" name="EmployeeTerritories_Employees_FK">
<createdBy>sergi</createdBy>
<createdTime>2020-10-30 09:45:14 UTC</createdTime>
<generatorID>A3A8E7F8-3A0B-965A-2E6F-184DEC11E8D2</generatorID>
<ownerDesignName>Diseño Lógico</ownerDesignName>
<referredTableLongName>Employees</referredTableLongName>
<deleteRule>NO ACTION</deleteRule>
<referredTableID>20D9CA17-E47F-E906-3142-22D567BE659A</referredTableID>
<keyObject>23E5AB12-22E1-7768-060D-7024A483F77A</keyObject>
<referredKeyID>23E5AB12-22E1-7768-060D-7024A483F77A</referredKeyID>
<mandatory>true</mandatory>
<refColNames>EmployeeID</refColNames>
<transferable>true</transferable>
<rely>false</rely>
<columnDependencyConstraintGenerateInDDL>true</columnDependencyConstraintGenerateInDDL>
</FKIndexAssociation>