<?xml version = '1.0' encoding = 'UTF-8'?>
<FKIndexAssociation class="oracle.dbtools.crest.model.design.relational.FKIndexAssociation" directorySegmentName="seg_0" id="54B33082-9C94-FECA-2E5E-516E5337172B" containerWithKeyObject="49F4AA86-81F2-21FC-DAA0-33424D4DEC95" localFKIndex="E404FF31-7614-41EE-D31F-2CDB625281AA" name="Categories_Products_FK">
<createdBy>sergi</createdBy>
<createdTime>2020-10-30 09:38:53 UTC</createdTime>
<generatorID>2CD562A7-94FD-B8D7-A98F-F512040BB443</generatorID>
<ownerDesignName>Diseño Lógico</ownerDesignName>
<referredTableLongName>Products</referredTableLongName>
<deleteRule>NO ACTION</deleteRule>
<referredTableID>FBF8FBF0-9310-113F-2DFD-DEC878342E7A</referredTableID>
<keyObject>65DC0DF7-A083-EE9F-4415-8DDE5D8CF785</keyObject>
<referredKeyID>65DC0DF7-A083-EE9F-4415-8DDE5D8CF785</referredKeyID>
<mandatory>false</mandatory>
<refColNames>ProductID</refColNames>
<transferable>true</transferable>
<rely>false</rely>
<columnDependencyConstraintGenerateInDDL>true</columnDependencyConstraintGenerateInDDL>
</FKIndexAssociation>