<?xml version = '1.0' encoding = 'UTF-8'?>
<FKIndexAssociation class="oracle.dbtools.crest.model.design.relational.FKIndexAssociation" directorySegmentName="seg_0" id="6DA7393E-2358-ADB9-52BD-7286C5DAD993" containerWithKeyObject="20D9CA17-E47F-E906-3142-22D567BE659A" localFKIndex="B415EEE6-7FC9-FAF8-124B-2D5388590CFE" name="Employees_Employees_FK">
<createdBy>sergi</createdBy>
<createdTime>2020-10-30 09:45:14 UTC</createdTime>
<generatorID>8E46B718-8288-C8C2-786F-70407FFDE4E6</generatorID>
<ownerDesignName>Diseño Lógico</ownerDesignName>
<referredTableLongName>Employees</referredTableLongName>
<deleteRule>NO ACTION</deleteRule>
<referredTableID>20D9CA17-E47F-E906-3142-22D567BE659A</referredTableID>
<keyObject>23E5AB12-22E1-7768-060D-7024A483F77A</keyObject>
<referredKeyID>23E5AB12-22E1-7768-060D-7024A483F77A</referredKeyID>
<mandatory>false</mandatory>
<refColNames>EmployeeID</refColNames>
<transferable>true</transferable>
<rely>false</rely>
<columnDependencyConstraintGenerateInDDL>true</columnDependencyConstraintGenerateInDDL>
</FKIndexAssociation>