<?xml version = '1.0' encoding = 'UTF-8'?>
<FKIndexAssociation class="oracle.dbtools.crest.model.design.relational.FKIndexAssociation" directorySegmentName="seg_0" id="73141A1C-DCDB-6495-F8E7-D15A0552F40F" containerWithKeyObject="B7D34644-D70D-27BA-2FAA-BD75C79CF554" localFKIndex="5EDFBD14-5496-B34F-6C6A-C1C21E5E072D" name="Shippers_Orders_FK">
<createdBy>sergi</createdBy>
<createdTime>2020-10-30 09:45:14 UTC</createdTime>
<generatorID>D9B4E031-2F8B-19DA-5E75-C700A818E701</generatorID>
<ownerDesignName>Diseño Lógico</ownerDesignName>
<referredTableLongName>Orders</referredTableLongName>
<deleteRule>NO ACTION</deleteRule>
<referredTableID>1196AEF6-AA0C-67EF-4194-02B9B852068C</referredTableID>
<keyObject>0AF50A10-3D76-3790-D956-999F3E9BA78D</keyObject>
<referredKeyID>0AF50A10-3D76-3790-D956-999F3E9BA78D</referredKeyID>
<mandatory>true</mandatory>
<refColNames>OrderID</refColNames>
<transferable>true</transferable>
<rely>false</rely>
<columnDependencyConstraintGenerateInDDL>true</columnDependencyConstraintGenerateInDDL>
</FKIndexAssociation>