<?xml version = '1.0' encoding = 'UTF-8'?>
<FKIndexAssociation class="oracle.dbtools.crest.model.design.relational.FKIndexAssociation" directorySegmentName="seg_0" id="7913FFCC-CE25-57ED-017B-A8852FEAEE1D" containerWithKeyObject="20D9CA17-E47F-E906-3142-22D567BE659A" localFKIndex="25CE6F85-7ADB-4C3A-4244-E5AA94736776" name="Employees_Orders_FK">
<createdBy>sergi</createdBy>
<createdTime>2020-10-30 09:45:14 UTC</createdTime>
<generatorID>EC12247A-5670-DC6E-E4F1-7A85E6B4E4C2</generatorID>
<ownerDesignName>Diseño Lógico</ownerDesignName>
<referredTableLongName>Orders</referredTableLongName>
<deleteRule>NO ACTION</deleteRule>
<referredTableID>1196AEF6-AA0C-67EF-4194-02B9B852068C</referredTableID>
<keyObject>0AF50A10-3D76-3790-D956-999F3E9BA78D</keyObject>
<referredKeyID>0AF50A10-3D76-3790-D956-999F3E9BA78D</referredKeyID>
<mandatory>true</mandatory>
<refColNames>OrderID</refColNames>
<transferable>true</transferable>
<rely>false</rely>
<columnDependencyConstraintGenerateInDDL>true</columnDependencyConstraintGenerateInDDL>
</FKIndexAssociation>