<?xml version = '1.0' encoding = 'UTF-8'?>
<FKIndexAssociation class="oracle.dbtools.crest.model.design.relational.FKIndexAssociation" directorySegmentName="seg_0" id="79BA69BC-EE52-0270-9D0D-A6E66A1D61AA" containerWithKeyObject="0A0F10A6-A54C-0036-359C-B5D8FE963A22" localFKIndex="E197DD0C-AE43-CA25-1FB5-CF0F3ED964E2" name="OrderDetails_Orders_FK">
<createdBy>sergi</createdBy>
<createdTime>2020-10-30 09:45:14 UTC</createdTime>
<generatorID>D256ECD5-8725-29AD-4C40-EC7D283FFE42</generatorID>
<ownerDesignName>Diseño Lógico</ownerDesignName>
<referredTableLongName>Orders</referredTableLongName>
<deleteRule>NO ACTION</deleteRule>
<referredTableID>1196AEF6-AA0C-67EF-4194-02B9B852068C</referredTableID>
<keyObject>0AF50A10-3D76-3790-D956-999F3E9BA78D</keyObject>
<referredKeyID>0AF50A10-3D76-3790-D956-999F3E9BA78D</referredKeyID>
<mandatory>true</mandatory>
<refColNames>OrderID</refColNames>
<transferable>true</transferable>
<rely>false</rely>
<columnDependencyConstraintGenerateInDDL>true</columnDependencyConstraintGenerateInDDL>
</FKIndexAssociation>