<?xml version = '1.0' encoding = 'UTF-8'?>
<FKIndexAssociation class="oracle.dbtools.crest.model.design.relational.FKIndexAssociation" directorySegmentName="seg_0" id="90322FD2-9CD6-8A89-542F-C7A3AF5742AD" containerWithKeyObject="56698039-9525-EABE-6D4F-0B699E9A2CC4" localFKIndex="4F7B0FA8-D77B-AE78-2376-042C6E65A77E" name="Suppliers_Products_FK">
<createdBy>sergi</createdBy>
<createdTime>2020-10-30 09:45:14 UTC</createdTime>
<generatorID>9167301D-7B0B-947B-2A2E-2AB939142138</generatorID>
<ownerDesignName>Diseño Lógico</ownerDesignName>
<referredTableLongName>Products</referredTableLongName>
<deleteRule>NO ACTION</deleteRule>
<referredTableID>FBF8FBF0-9310-113F-2DFD-DEC878342E7A</referredTableID>
<keyObject>65DC0DF7-A083-EE9F-4415-8DDE5D8CF785</keyObject>
<referredKeyID>65DC0DF7-A083-EE9F-4415-8DDE5D8CF785</referredKeyID>
<mandatory>false</mandatory>
<refColNames>ProductID</refColNames>
<transferable>true</transferable>
<rely>false</rely>
<columnDependencyConstraintGenerateInDDL>true</columnDependencyConstraintGenerateInDDL>
</FKIndexAssociation>