<?xml version = '1.0' encoding = 'UTF-8'?>
<FKIndexAssociation class="oracle.dbtools.crest.model.design.relational.FKIndexAssociation" directorySegmentName="seg_0" id="A704529E-9838-CF0A-F52F-BD46309916D8" containerWithKeyObject="1BEAB0F9-AEA5-C6F2-4028-991CE3D41B64" localFKIndex="A4E8867C-22F9-7DA7-5971-8EA4A59127E7" name="Regions_Territories_FKv2">
<createdBy>sergi</createdBy>
<createdTime>2020-10-30 09:45:14 UTC</createdTime>
<generatorID>090AD6D4-0909-2671-FA31-DB840AF23947</generatorID>
<ownerDesignName>Diseño Lógico</ownerDesignName>
<referredTableLongName>Territories</referredTableLongName>
<deleteRule>NO ACTION</deleteRule>
<referredTableID>38A828B2-5903-3FA7-C7AB-1DDCD5E5592B</referredTableID>
<keyObject>C4589A6D-59B9-24F8-9A0B-28271FF186B4</keyObject>
<referredKeyID>C4589A6D-59B9-24F8-9A0B-28271FF186B4</referredKeyID>
<mandatory>true</mandatory>
<refColNames>TerritoryID</refColNames>
<transferable>true</transferable>
<rely>false</rely>
<columnDependencyConstraintGenerateInDDL>true</columnDependencyConstraintGenerateInDDL>
</FKIndexAssociation>