<?xml version = '1.0' encoding = 'UTF-8'?>
<FKIndexAssociation class="oracle.dbtools.crest.model.design.relational.FKIndexAssociation" directorySegmentName="seg_0" id="C100FC91-9079-2192-DA1F-80A1148006CE" containerWithKeyObject="10E4F64E-CF66-A1C4-1F0D-399282D353E4" localFKIndex="16EB6FA7-5B90-E79C-DDA4-C328F06C20D6" name="Customers_Orders_FK">
<createdBy>sergi</createdBy>
<createdTime>2020-10-30 09:45:14 UTC</createdTime>
<generatorID>B5C834F7-B056-4698-69F0-5164355F8F9F</generatorID>
<ownerDesignName>Diseño Lógico</ownerDesignName>
<referredTableLongName>Orders</referredTableLongName>
<deleteRule>NO ACTION</deleteRule>
<referredTableID>1196AEF6-AA0C-67EF-4194-02B9B852068C</referredTableID>
<keyObject>0AF50A10-3D76-3790-D956-999F3E9BA78D</keyObject>
<referredKeyID>0AF50A10-3D76-3790-D956-999F3E9BA78D</referredKeyID>
<mandatory>true</mandatory>
<refColNames>OrderID</refColNames>
<transferable>true</transferable>
<rely>false</rely>
<columnDependencyConstraintGenerateInDDL>true</columnDependencyConstraintGenerateInDDL>
</FKIndexAssociation>