<?xml version = '1.0' encoding = 'UTF-8'?>
<Diagram class="oracle.dbtools.crest.swingui.relational.DPVRelational" name="Relational_1" id="4D536D1E-2E26-C1B9-21D4-057C113261CC">
<createdBy>sergi</createdBy>
<modifiedBy>sergi</modifiedBy>
<createdTime>2018-11-23 17:13:58 UTC</createdTime>
<autoRoute>false</autoRoute>
<boxInbox>true</boxInbox>
<showLegend>false</showLegend>
<showLabels>false</showLabels>
<showRelAttributes>false</showRelAttributes>
<gridEnabled>false</gridEnabled>
<showGrid>false</showGrid>
<diagramColor>-1</diagramColor>
<display>false</display>
<notation>1</notation>
<objectViews>
<OView class="oracle.dbtools.crest.swingui.relational.TVTable" oid="0C727769-9855-7841-3A29-1924925C707F" otype="Table" vid="A26EFBAC-26BF-2796-D0B1-223FF4F40C49">
<hideElementsInCurrentOnly>false</hideElementsInCurrentOnly>
<bounds x="402" y="178" width="170" height="128"/>
</OView>
<OView class="oracle.dbtools.crest.swingui.relational.TVTable" oid="1360A383-9BDF-7659-B582-052F9CA02180" otype="Table" vid="66A2833F-8429-51FC-526F-12E1CA474888">
<hideElementsInCurrentOnly>false</hideElementsInCurrentOnly>
<bounds x="18" y="857" width="170" height="110"/>
</OView>
<OView class="oracle.dbtools.crest.swingui.relational.TVTable" oid="1EA390BB-47E4-B952-40F7-BB98298A2B8A" otype="Table" vid="0AD2BC07-73DD-3122-55DA-920CDA77E1BB">
<hideElementsInCurrentOnly>false</hideElementsInCurrentOnly>
<bounds x="544" y="817" width="149" height="165"/>
</OView>
<OView class="oracle.dbtools.crest.swingui.relational.TVTable" oid="223C5E9E-D60F-F406-4E7E-059080FDBC95" otype="Table" vid="88085E6E-5A8F-766F-9821-29ED56628218">
<hideElementsInCurrentOnly>false</hideElementsInCurrentOnly>
<bounds x="298" y="11" width="170" height="110"/>
</OView>
<OView class="oracle.dbtools.crest.swingui.relational.TVTable" oid="2CA180C8-3788-B42A-3A50-69D61E38A799" otype="Table" vid="C3BD648E-C417-534A-264E-6AD08A26F49E">
<hideElementsInCurrentOnly>false</hideElementsInCurrentOnly>
<bounds x="515" y="380" width="148" height="172"/>
</OView>
<OView class="oracle.dbtools.crest.swingui.relational.TVTable" oid="2D6B7974-951E-A4CB-2A3F-F50ED3FAB293" otype="Table" vid="50361050-18EF-60AA-968F-45C82E446FD5">
<hideElementsInCurrentOnly>false</hideElementsInCurrentOnly>
<bounds x="830" y="21" width="170" height="110"/>
</OView>
<OView class="oracle.dbtools.crest.swingui.relational.TVTable" oid="4D453827-558C-550B-7B50-CC6F357BD7DC" otype="Table" vid="7C01D084-E0B2-4D45-51F4-5EE7A1F63BBA">
<hideElementsInCurrentOnly>false</hideElementsInCurrentOnly>
<bounds x="1164" y="30" width="140" height="264"/>
</OView>
<OView class="oracle.dbtools.crest.swingui.relational.TVTable" oid="56A63745-0E83-7B38-2FD0-4580D344660F" otype="Table" vid="D1725452-DF25-1089-2AFB-66A0299990A9">
<hideElementsInCurrentOnly>false</hideElementsInCurrentOnly>
<bounds x="245" y="738" width="170" height="56"/>
</OView>
<OView class="oracle.dbtools.crest.swingui.relational.TVTable" oid="6040A89A-6CD4-7318-7AB8-66E1F7BB5331" otype="Table" vid="011F48CF-4457-E027-EBDB-0555E764E18D">
<hideElementsInCurrentOnly>false</hideElementsInCurrentOnly>
<bounds x="575" y="22" width="119" height="83"/>
</OView>
<OView class="oracle.dbtools.crest.swingui.relational.TVTable" oid="A13C2DA8-3050-095E-1B8B-06D5942E7A06" otype="Table" vid="EAD2DB1A-2E23-1772-6453-7D75C5B0298B">
<hideElementsInCurrentOnly>false</hideElementsInCurrentOnly>
<bounds x="605" y="173" width="157" height="129"/>
</OView>
<OView class="oracle.dbtools.crest.swingui.relational.TVTable" oid="A364B05C-8E70-92BF-C8C1-458A181D22CE" otype="Table" vid="0688B591-D7C5-EF9E-3752-71C79332B136">
<hideElementsInCurrentOnly>false</hideElementsInCurrentOnly>
<bounds x="228" y="881" width="123" height="84"/>
</OView>
<OView class="oracle.dbtools.crest.swingui.relational.TVTable" oid="B6707B6F-B7E1-12B6-D76A-CD3B7131BF81" otype="Table" vid="0B7C8EC6-7785-ED27-A9E4-347590E2EEF2">
<hideElementsInCurrentOnly>false</hideElementsInCurrentOnly>
<bounds x="516" y="611" width="190" height="110"/>
</OView>
<OView class="oracle.dbtools.crest.swingui.relational.TVTable" oid="C49BD839-AA17-68DF-CA38-93ED9037932A" otype="Table" vid="58768F0F-AD50-C365-FA72-57692770D650">
<hideElementsInCurrentOnly>false</hideElementsInCurrentOnly>
<bounds x="58" y="66" width="149" height="230"/>
</OView>
<OView class="oracle.dbtools.crest.swingui.relational.TVTable" oid="D01FE9F1-AA3B-5841-B1A5-AFF3CC36C391" otype="Table" vid="E4280B38-E96A-E04B-D8D9-A87229D0DE84">
<hideElementsInCurrentOnly>false</hideElementsInCurrentOnly>
<bounds x="1339" y="591" width="210" height="79"/>
</OView>
<OView class="oracle.dbtools.crest.swingui.relational.TVTable" oid="D1023E78-4411-2DA5-1E37-60B2BCEA81FD" otype="Table" vid="79222E1B-A357-AB7D-C3C6-CDAB438A0851">
<hideElementsInCurrentOnly>false</hideElementsInCurrentOnly>
<bounds x="20" y="689" width="170" height="110"/>
</OView>
<OView class="oracle.dbtools.crest.swingui.relational.TVTable" oid="D58CDEB2-A828-DF01-66FA-993BE9ABD3AF" otype="Table" vid="A50F81FA-FD21-824D-2D86-DF1C2F82F55E">
<hideElementsInCurrentOnly>false</hideElementsInCurrentOnly>
<bounds x="971" y="402" width="306" height="296"/>
</OView>
<OView class="oracle.dbtools.crest.swingui.relational.TVTable" oid="D69C7207-ACF8-680E-EF13-5F6228B4A99A" otype="Table" vid="D5870929-4656-F74C-334A-3458BDB19F5F">
<hideElementsInCurrentOnly>false</hideElementsInCurrentOnly>
<bounds x="141" y="346" width="147" height="246"/>
</OView>
</objectViews>
<connectors>
<Connector class="oracle.dbtools.crest.swingui.relational.TVFKRelation" oid="0475A940-4B46-48A2-C2E3-3DA6E8137766" otype="FKIndexAssociation" vid_source="011F48CF-4457-E027-EBDB-0555E764E18D" vid_target="88085E6E-5A8F-766F-9821-29ED56628218">
<hideElementsInCurrentOnly>false</hideElementsInCurrentOnly>
<backgroundColor>-16777216</backgroundColor>
<lineWidth>1</lineWidth>
<points>
<point x="575" y="63"/>
<point x="468" y="63"/>
</points>
</Connector>
<Connector class="oracle.dbtools.crest.swingui.relational.TVFKRelation" oid="0A38AE5D-3E92-9F99-D68A-56B56279F40A" otype="FKIndexAssociation" vid_source="D5870929-4656-F74C-334A-3458BDB19F5F" vid_target="79222E1B-A357-AB7D-C3C6-CDAB438A0851">
<hideElementsInCurrentOnly>false</hideElementsInCurrentOnly>
<backgroundColor>-16777216</backgroundColor>
<lineWidth>1</lineWidth>
<points>
<point x="165" y="592"/>
<point x="165" y="689"/>
</points>
</Connector>
<Connector class="oracle.dbtools.crest.swingui.relational.TVFKRelation" oid="141E0228-A243-7412-B2D3-5E9673B4EB78" otype="FKIndexAssociation" vid_source="D1725452-DF25-1089-2AFB-66A0299990A9" vid_target="79222E1B-A357-AB7D-C3C6-CDAB438A0851">
<hideElementsInCurrentOnly>false</hideElementsInCurrentOnly>
<backgroundColor>-16777216</backgroundColor>
<lineWidth>1</lineWidth>
<points>
<point x="245" y="766"/>
<point x="190" y="766"/>
</points>
</Connector>
<Connector class="oracle.dbtools.crest.swingui.relational.TVFKRelation" oid="22C2FBEE-2D87-B1EB-484D-E9E77D13C13B" otype="FKIndexAssociation" vid_source="7C01D084-E0B2-4D45-51F4-5EE7A1F63BBA" vid_target="50361050-18EF-60AA-968F-45C82E446FD5">
<hideElementsInCurrentOnly>false</hideElementsInCurrentOnly>
<backgroundColor>-16777216</backgroundColor>
<lineWidth>1</lineWidth>
<points>
<point x="1164" y="80"/>
<point x="1000" y="80"/>
</points>
</Connector>
<Connector class="oracle.dbtools.crest.swingui.relational.TVFKRelation" oid="23119B1B-FDB3-664B-B950-D93B59B99C08" otype="FKIndexAssociation" vid_source="0688B591-D7C5-EF9E-3752-71C79332B136" vid_target="66A2833F-8429-51FC-526F-12E1CA474888">
<hideElementsInCurrentOnly>false</hideElementsInCurrentOnly>
<backgroundColor>-16777216</backgroundColor>
<lineWidth>1</lineWidth>
<points>
<point x="228" y="923"/>
<point x="188" y="923"/>
</points>
</Connector>
<Connector class="oracle.dbtools.crest.swingui.relational.TVFKRelation" oid="4C10A023-CA26-724A-3B3F-1690CD39BDF7" otype="FKIndexAssociation" vid_source="C3BD648E-C417-534A-264E-6AD08A26F49E" vid_target="0B7C8EC6-7785-ED27-A9E4-347590E2EEF2">
<hideElementsInCurrentOnly>false</hideElementsInCurrentOnly>
<backgroundColor>-16777216</backgroundColor>
<lineWidth>1</lineWidth>
<points>
<point x="589" y="552"/>
<point x="589" y="611"/>
</points>
</Connector>
<Connector class="oracle.dbtools.crest.swingui.relational.TVFKRelation" oid="70A2956A-BF11-E877-4AC3-D42559184BD9" otype="FKIndexAssociation" vid_source="D1725452-DF25-1089-2AFB-66A0299990A9" vid_target="66A2833F-8429-51FC-526F-12E1CA474888">
<hideElementsInCurrentOnly>false</hideElementsInCurrentOnly>
<backgroundColor>-16777216</backgroundColor>
<lineWidth>1</lineWidth>
<points>
<point x="286" y="794"/>
<point x="188" y="857"/>
</points>
</Connector>
<Connector class="oracle.dbtools.crest.swingui.relational.TVFKRelation" oid="7A74B22A-39A0-656D-482F-11EAFBAFA056" otype="FKIndexAssociation" vid_source="C3BD648E-C417-534A-264E-6AD08A26F49E" vid_target="D5870929-4656-F74C-334A-3458BDB19F5F">
<hideElementsInCurrentOnly>false</hideElementsInCurrentOnly>
<backgroundColor>-16777216</backgroundColor>
<lineWidth>1</lineWidth>
<points>
<point x="515" y="466"/>
<point x="288" y="466"/>
</points>
</Connector>
<Connector class="oracle.dbtools.crest.swingui.relational.TVFKRelation" oid="7B61DDD9-32E1-FE64-B366-3156420D6830" otype="FKIndexAssociation" vid_source="A50F81FA-FD21-824D-2D86-DF1C2F82F55E" vid_target="E4280B38-E96A-E04B-D8D9-A87229D0DE84">
<hideElementsInCurrentOnly>false</hideElementsInCurrentOnly>
<backgroundColor>-16777216</backgroundColor>
<lineWidth>1</lineWidth>
<points>
<point x="1277" y="630"/>
<point x="1339" y="630"/>
</points>
</Connector>
<Connector class="oracle.dbtools.crest.swingui.relational.TVFKRelation" oid="B4BF8D2B-ED3C-720B-4EC4-9BCBCE556CA4" otype="FKIndexAssociation" vid_source="0AD2BC07-73DD-3122-55DA-920CDA77E1BB" vid_target="0B7C8EC6-7785-ED27-A9E4-347590E2EEF2">
<hideElementsInCurrentOnly>false</hideElementsInCurrentOnly>
<backgroundColor>-16777216</backgroundColor>
<lineWidth>1</lineWidth>
<points>
<point x="618" y="817"/>
<point x="618" y="721"/>
</points>
</Connector>
<Connector class="oracle.dbtools.crest.swingui.relational.TVFKRelation" oid="B8A138C5-D860-E21E-73CB-B587E619DB12" otype="FKIndexAssociation" vid_source="C3BD648E-C417-534A-264E-6AD08A26F49E" vid_target="A50F81FA-FD21-824D-2D86-DF1C2F82F55E">
<hideElementsInCurrentOnly>false</hideElementsInCurrentOnly>
<backgroundColor>-16777216</backgroundColor>
<lineWidth>1</lineWidth>
<points>
<point x="663" y="477"/>
<point x="971" y="477"/>
</points>
</Connector>
<Connector class="oracle.dbtools.crest.swingui.relational.TVFKRelation" oid="C7CEF009-4A67-9D79-D111-4FEF8CEAC56B" otype="FKIndexAssociation" vid_source="011F48CF-4457-E027-EBDB-0555E764E18D" vid_target="50361050-18EF-60AA-968F-45C82E446FD5">
<hideElementsInCurrentOnly>false</hideElementsInCurrentOnly>
<backgroundColor>-16777216</backgroundColor>
<lineWidth>1</lineWidth>
<points>
<point x="694" y="63"/>
<point x="830" y="63"/>
</points>
</Connector>
<Connector class="oracle.dbtools.crest.swingui.relational.TVFKRelation" oid="CABF2C59-8B6F-B2E2-3A8B-1EFBC320079B" otype="FKIndexAssociation" vid_source="7C01D084-E0B2-4D45-51F4-5EE7A1F63BBA" vid_target="EAD2DB1A-2E23-1772-6453-7D75C5B0298B">
<hideElementsInCurrentOnly>false</hideElementsInCurrentOnly>
<backgroundColor>-16777216</backgroundColor>
<lineWidth>1</lineWidth>
<points>
<point x="1164" y="233"/>
<point x="762" y="233"/>
</points>
</Connector>
<Connector class="oracle.dbtools.crest.swingui.relational.TVFKRelation" oid="CB893B25-5279-22C6-5947-726F0F0E1BBB" otype="FKIndexAssociation" vid_source="58768F0F-AD50-C365-FA72-57692770D650" vid_target="A26EFBAC-26BF-2796-D0B1-223FF4F40C49">
<hideElementsInCurrentOnly>false</hideElementsInCurrentOnly>
<backgroundColor>-16777216</backgroundColor>
<lineWidth>1</lineWidth>
<points>
<point x="207" y="237"/>
<point x="402" y="237"/>
</points>
</Connector>
<Connector class="oracle.dbtools.crest.swingui.relational.TVFKRelation" oid="E02C5A90-B176-169A-DA7F-922105B970B7" otype="FKIndexAssociation" vid_source="58768F0F-AD50-C365-FA72-57692770D650" vid_target="88085E6E-5A8F-766F-9821-29ED56628218">
<hideElementsInCurrentOnly>false</hideElementsInCurrentOnly>
<backgroundColor>-16777216</backgroundColor>
<lineWidth>1</lineWidth>
<points>
<point x="207" y="93"/>
<point x="298" y="93"/>
</points>
</Connector>
<Connector class="oracle.dbtools.crest.swingui.relational.TVFKRelation" oid="E1DBB4EA-0D6D-461C-155B-C5F7B30CE604" otype="FKIndexAssociation" vid_source="C3BD648E-C417-534A-264E-6AD08A26F49E" vid_target="A26EFBAC-26BF-2796-D0B1-223FF4F40C49">
<hideElementsInCurrentOnly>false</hideElementsInCurrentOnly>
<backgroundColor>-16777216</backgroundColor>
<lineWidth>1</lineWidth>
<points>
<point x="543" y="380"/>
<point x="543" y="306"/>
</points>
</Connector>
<Connector class="oracle.dbtools.crest.swingui.relational.TVFKRelation" oid="F457C2FE-AB6D-BC00-C7DF-B1C3F38CBE18" otype="FKIndexAssociation" vid_source="C3BD648E-C417-534A-264E-6AD08A26F49E" vid_target="EAD2DB1A-2E23-1772-6453-7D75C5B0298B">
<hideElementsInCurrentOnly>false</hideElementsInCurrentOnly>
<backgroundColor>-16777216</backgroundColor>
<lineWidth>1</lineWidth>
<points>
<point x="634" y="380"/>
<point x="634" y="302"/>
</points>
</Connector>
</connectors>
</Diagram>