<?xml version = '1.0' encoding = 'UTF-8'?>
<Relation class="oracle.dbtools.crest.model.design.logical.Relation" name="Relation_26" directorySegmentName="seg_0" id="090AD6D4-0909-2671-FA31-DB840AF23947">
<createdBy>sergi</createdBy>
<createdTime>2020-10-30 09:43:16 UTC</createdTime>
<ownerDesignName>Diseño Lógico</ownerDesignName>
<engineerTo>
<item key="29251277-302C-2CC8-E952-9861D043DCF2" value="true"/>
</engineerTo>
<sourcePk>9973A2E7-BB56-81FC-370B-1E95885AC80B</sourcePk>
<identifying>false</identifying>
<optionalSource>false</optionalSource>
<optionalTarget>false</optionalTarget>
<sourceCardinality>1</sourceCardinality>
<sourceEntity>C9256BAA-A662-7542-B06C-5343296FB319</sourceEntity>
<targetCardinalityString>*</targetCardinalityString>
<targetEntity>94EB9440-631B-2424-FEB4-D7FFF98AE7F8</targetEntity>
<transferable>true</transferable>
<deleteRule>NO ACTION</deleteRule>
</Relation>