<?xml version = '1.0' encoding = 'UTF-8'?>
<Relation class="oracle.dbtools.crest.model.design.logical.Relation" name="Relation_18" directorySegmentName="seg_0" id="631F2E85-752B-97E4-D13B-4C383D6D95BE">
<createdBy>sergi</createdBy>
<createdTime>2020-10-30 09:41:32 UTC</createdTime>
<ownerDesignName>Diseño Lógico</ownerDesignName>
<engineerTo>
<item key="29251277-302C-2CC8-E952-9861D043DCF2" value="true"/>
</engineerTo>
<sourcePk>279C83B1-4BE8-B629-01C4-2B8DA84E013A</sourcePk>
<identifying>false</identifying>
<optionalSource>false</optionalSource>
<optionalTarget>true</optionalTarget>
<sourceCardinality>1</sourceCardinality>
<sourceEntity>53B24E9A-172C-48FD-DCF2-80AEB240EB15</sourceEntity>
<targetCardinalityString>*</targetCardinalityString>
<targetEntity>57ED56DC-5CF0-B220-6408-481315D03BA5</targetEntity>
<transferable>true</transferable>
<deleteRule>NO ACTION</deleteRule>
</Relation>