<?xml version = '1.0' encoding = 'UTF-8'?>
<Relation class="oracle.dbtools.crest.model.design.logical.Relation" name="Relation_27" directorySegmentName="seg_0" id="8E46B718-8288-C8C2-786F-70407FFDE4E6">
<createdBy>sergi</createdBy>
<createdTime>2020-10-30 09:44:24 UTC</createdTime>
<ownerDesignName>Diseño Lógico</ownerDesignName>
<engineerTo>
<item key="29251277-302C-2CC8-E952-9861D043DCF2" value="true"/>
</engineerTo>
<targetPk>CA30FE0B-13EA-365C-0A43-2C9D1A926F40</targetPk>
<identifying>false</identifying>
<optionalSource>false</optionalSource>
<optionalTarget>true</optionalTarget>
<sourceCardinality>1</sourceCardinality>
<sourceEntity>F84491D0-1D19-AE17-2ACE-E4F77B635227</sourceEntity>
<targetCardinalityString>*</targetCardinalityString>
<targetEntity>F84491D0-1D19-AE17-2ACE-E4F77B635227</targetEntity>
<transferable>true</transferable>
<deleteRule>NO ACTION</deleteRule>
</Relation>