<?xml version = '1.0' encoding = 'UTF-8'?>
<Relation class="oracle.dbtools.crest.model.design.logical.Relation" name="Relation_17" directorySegmentName="seg_0" id="9167301D-7B0B-947B-2A2E-2AB939142138">
<createdBy>sergi</createdBy>
<createdTime>2020-10-30 09:41:03 UTC</createdTime>
<ownerDesignName>Diseño Lógico</ownerDesignName>
<engineerTo>
<item key="29251277-302C-2CC8-E952-9861D043DCF2" value="true"/>
</engineerTo>
<sourcePk>739850AD-830C-867E-7BD4-7A5BDB24CC4A</sourcePk>
<targetPk>279C83B1-4BE8-B629-01C4-2B8DA84E013A</targetPk>
<identifying>false</identifying>
<optionalSource>true</optionalSource>
<optionalTarget>false</optionalTarget>
<sourceCardinality>*</sourceCardinality>
<sourceEntity>C594C228-D773-6E1C-E0DD-0AE71A37F833</sourceEntity>
<targetCardinalityString>1</targetCardinalityString>
<targetEntity>53B24E9A-172C-48FD-DCF2-80AEB240EB15</targetEntity>
<transferable>true</transferable>
<deleteRule>NO ACTION</deleteRule>
</Relation>