<?xml version = '1.0' encoding = 'UTF-8'?>
<Relation class="oracle.dbtools.crest.model.design.logical.Relation" name="Relation_24" directorySegmentName="seg_0" id="A3A8E7F8-3A0B-965A-2E6F-184DEC11E8D2">
<createdBy>sergi</createdBy>
<createdTime>2020-10-30 09:43:02 UTC</createdTime>
<ownerDesignName>Diseño Lógico</ownerDesignName>
<engineerTo>
<item key="29251277-302C-2CC8-E952-9861D043DCF2" value="true"/>
</engineerTo>
<sourcePk>CA30FE0B-13EA-365C-0A43-2C9D1A926F40</sourcePk>
<identifying>false</identifying>
<optionalSource>false</optionalSource>
<optionalTarget>false</optionalTarget>
<sourceCardinality>1</sourceCardinality>
<sourceEntity>F84491D0-1D19-AE17-2ACE-E4F77B635227</sourceEntity>
<targetCardinalityString>*</targetCardinalityString>
<targetEntity>DE021295-0C76-4160-9352-5A3FC19A8C9E</targetEntity>
<transferable>true</transferable>
<deleteRule>NO ACTION</deleteRule>
</Relation>