<?xml version = '1.0' encoding = 'UTF-8'?>
<Relation class="oracle.dbtools.crest.model.design.logical.Relation" name="Relation_22" directorySegmentName="seg_0" id="B5C834F7-B056-4698-69F0-5164355F8F9F">
<createdBy>sergi</createdBy>
<createdTime>2020-10-30 09:42:26 UTC</createdTime>
<ownerDesignName>Diseño Lógico</ownerDesignName>
<engineerTo>
<item key="29251277-302C-2CC8-E952-9861D043DCF2" value="true"/>
</engineerTo>
<sourcePk>3BAF396F-2286-1082-D13C-C82AE39C2626</sourcePk>
<identifying>false</identifying>
<optionalSource>false</optionalSource>
<optionalTarget>false</optionalTarget>
<sourceCardinality>1</sourceCardinality>
<sourceEntity>B9BD3734-11BD-4F09-0D8B-EB9788B44771</sourceEntity>
<targetCardinalityString>*</targetCardinalityString>
<targetEntity>6B163765-321A-B22C-CA09-105B2AEF0F63</targetEntity>
<transferable>true</transferable>
<deleteRule>NO ACTION</deleteRule>
</Relation>