<?xml version = '1.0' encoding = 'UTF-8'?>
<Relation class="oracle.dbtools.crest.model.design.logical.Relation" name="Relation_19" directorySegmentName="seg_0" id="BE66F276-F211-94AC-1693-2F08827B0B6D">
<createdBy>sergi</createdBy>
<createdTime>2020-10-30 09:41:50 UTC</createdTime>
<ownerDesignName>Diseño Lógico</ownerDesignName>
<engineerTo>
<item key="29251277-302C-2CC8-E952-9861D043DCF2" value="true"/>
</engineerTo>
<sourcePk>279C83B1-4BE8-B629-01C4-2B8DA84E013A</sourcePk>
<identifying>false</identifying>
<optionalSource>false</optionalSource>
<optionalTarget>false</optionalTarget>
<sourceCardinality>1</sourceCardinality>
<sourceEntity>53B24E9A-172C-48FD-DCF2-80AEB240EB15</sourceEntity>
<targetCardinalityString>*</targetCardinalityString>
<targetEntity>7583A356-F2DA-33F9-3799-9609A1C41D5F</targetEntity>
<transferable>true</transferable>
<deleteRule>NO ACTION</deleteRule>
</Relation>