<?xml version = '1.0' encoding = 'UTF-8'?>
<Relation class="oracle.dbtools.crest.model.design.logical.Relation" name="Relation_20" directorySegmentName="seg_0" id="D256ECD5-8725-29AD-4C40-EC7D283FFE42">
<createdBy>sergi</createdBy>
<createdTime>2020-10-30 09:42:00 UTC</createdTime>
<ownerDesignName>Diseño Lógico</ownerDesignName>
<engineerTo>
<item key="29251277-302C-2CC8-E952-9861D043DCF2" value="true"/>
</engineerTo>
<sourcePk>3BAF396F-2286-1082-D13C-C82AE39C2626</sourcePk>
<identifying>false</identifying>
<optionalSource>false</optionalSource>
<optionalTarget>false</optionalTarget>
<sourceCardinality>1</sourceCardinality>
<sourceEntity>B9BD3734-11BD-4F09-0D8B-EB9788B44771</sourceEntity>
<targetCardinalityString>*</targetCardinalityString>
<targetEntity>7583A356-F2DA-33F9-3799-9609A1C41D5F</targetEntity>
<transferable>true</transferable>
<deleteRule>NO ACTION</deleteRule>
</Relation>