<?xml version = '1.0' encoding = 'UTF-8'?>
<Relation class="oracle.dbtools.crest.model.design.logical.Relation" name="Relation_21" directorySegmentName="seg_0" id="D9B4E031-2F8B-19DA-5E75-C700A818E701">
<createdBy>sergi</createdBy>
<createdTime>2020-10-30 09:42:10 UTC</createdTime>
<ownerDesignName>Diseño Lógico</ownerDesignName>
<engineerTo>
<item key="29251277-302C-2CC8-E952-9861D043DCF2" value="true"/>
</engineerTo>
<sourcePk>3BAF396F-2286-1082-D13C-C82AE39C2626</sourcePk>
<identifying>false</identifying>
<optionalSource>false</optionalSource>
<optionalTarget>false</optionalTarget>
<sourceCardinality>1</sourceCardinality>
<sourceEntity>B9BD3734-11BD-4F09-0D8B-EB9788B44771</sourceEntity>
<targetCardinalityString>*</targetCardinalityString>
<targetEntity>17CE97B9-0F7A-4406-3275-9B48F6C5708E</targetEntity>
<transferable>true</transferable>
<deleteRule>NO ACTION</deleteRule>
</Relation>