<?xml version = '1.0' encoding = 'UTF-8'?>
<Relation class="oracle.dbtools.crest.model.design.logical.Relation" name="Relation_25" directorySegmentName="seg_0" id="E041E610-175A-6500-D30D-EA90BBFE2DEE">
<createdBy>sergi</createdBy>
<createdTime>2020-10-30 09:43:08 UTC</createdTime>
<ownerDesignName>Diseño Lógico</ownerDesignName>
<engineerTo>
<item key="29251277-302C-2CC8-E952-9861D043DCF2" value="true"/>
</engineerTo>
<sourcePk>9973A2E7-BB56-81FC-370B-1E95885AC80B</sourcePk>
<identifying>false</identifying>
<optionalSource>false</optionalSource>
<optionalTarget>false</optionalTarget>
<sourceCardinality>1</sourceCardinality>
<sourceEntity>C9256BAA-A662-7542-B06C-5343296FB319</sourceEntity>
<targetCardinalityString>*</targetCardinalityString>
<targetEntity>DE021295-0C76-4160-9352-5A3FC19A8C9E</targetEntity>
<transferable>true</transferable>
<deleteRule>NO ACTION</deleteRule>
</Relation>