<?xml version = '1.0' encoding = 'UTF-8'?>
<Diagram class="oracle.dbtools.crest.swingui.logical.DPVLogical" name="Logical" id="46B5EEB9-60F9-DCB8-244D-8D4AFB3525C4">
<createdBy>sergi</createdBy>
<modifiedBy>sergi</modifiedBy>
<createdTime>2020-10-09 16:31:11 UTC</createdTime>
<autoRoute>false</autoRoute>
<boxInbox>true</boxInbox>
<showLegend>false</showLegend>
<showLabels>false</showLabels>
<showRelAttributes>false</showRelAttributes>
<gridEnabled>false</gridEnabled>
<showGrid>false</showGrid>
<diagramColor>-1</diagramColor>
<display>false</display>
<notation>1</notation>
<objectViews>
<OView class="oracle.dbtools.crest.swingui.logical.TVEntity" oid="08133598-F1C3-BF49-BF62-35E03B0044EA" otype="Entity" vid="698FEBB7-96B2-C35A-E496-0215F329CE8F">
<hideElementsInCurrentOnly>false</hideElementsInCurrentOnly>
<bounds x="527" y="89" width="147" height="197"/>
</OView>
<OView class="oracle.dbtools.crest.swingui.logical.TVEntity" oid="1036A01D-6DCC-038A-3506-19BE09F67B9A" otype="Entity" vid="22CE1C59-F88C-D97E-C48D-2D4C01DB2EC2">
<hideElementsInCurrentOnly>false</hideElementsInCurrentOnly>
<bounds x="17" y="43" width="217" height="287"/>
</OView>
<OView class="oracle.dbtools.crest.swingui.logical.TVEntity" oid="28A8EDF3-981A-E6D7-A20B-53F801DDD05C" otype="Entity" vid="83A17975-B17E-D2CA-AAA7-202B42A89F06">
<hideElementsInCurrentOnly>false</hideElementsInCurrentOnly>
<bounds x="670" y="382" width="106" height="99"/>
</OView>
<OView class="oracle.dbtools.crest.swingui.logical.TVEntity" oid="3EFFA9AA-B823-4FD5-C695-7987468A2538" otype="Entity" vid="2A75B110-8007-B023-815E-D913C14AECA2">
<hideElementsInCurrentOnly>false</hideElementsInCurrentOnly>
<bounds x="516" y="360" width="287" height="196"/>
</OView>
<OView class="oracle.dbtools.crest.swingui.logical.TVEntity" oid="64486E53-85A9-28A3-D13B-22ABF929678E" otype="Entity" vid="6937EEA5-AFF8-0A41-0909-BA83B33C714B">
<hideElementsInCurrentOnly>false</hideElementsInCurrentOnly>
<bounds x="769" y="275" width="135" height="50"/>
</OView>
<OView class="oracle.dbtools.crest.swingui.logical.TVEntity" oid="7CD6D622-BB0E-7C93-2AC3-586EDC36DB30" otype="Entity" vid="6F80A248-6B8D-683D-E363-1E7FE6F131E4">
<hideElementsInCurrentOnly>false</hideElementsInCurrentOnly>
<bounds x="285" y="60" width="170" height="181"/>
</OView>
<OView class="oracle.dbtools.crest.swingui.logical.TVEntity" oid="B614C57E-C18C-6539-EAF2-DFF934C68CAE" otype="Entity" vid="E72FE05D-E2CE-99EB-031E-7A22CCF1F70D">
<hideElementsInCurrentOnly>false</hideElementsInCurrentOnly>
<bounds x="61" y="173" width="162" height="120"/>
</OView>
<OView class="oracle.dbtools.crest.swingui.logical.TVEntity" oid="D7D7FD42-D89E-0A36-15A0-D45623831FF3" otype="Entity" vid="F232E06A-3604-F1AE-601A-60A25A5D7D94">
<hideElementsInCurrentOnly>false</hideElementsInCurrentOnly>
<bounds x="538" y="470" width="107" height="76"/>
</OView>
<OView class="oracle.dbtools.crest.swingui.logical.TVEntity" oid="EA4600F5-3D74-CB35-9FE4-FE8C786DF8F3" otype="Entity" vid="9721944D-C85E-E17E-6BBB-28AD2701E7C9">
<hideElementsInCurrentOnly>false</hideElementsInCurrentOnly>
<bounds x="764" y="56" width="152" height="163"/>
</OView>
</objectViews>
<connectors>
<Connector class="oracle.dbtools.crest.swingui.logical.TVInheritanceRelation" oid="08730D22-D4F1-2CFA-9907-BCAB62197552" otype="Hierarchy relation" vid_source="2A75B110-8007-B023-815E-D913C14AECA2" vid_target="F232E06A-3604-F1AE-601A-60A25A5D7D94">
<hideElementsInCurrentOnly>false</hideElementsInCurrentOnly>
<backgroundColor>-65536</backgroundColor>
<lineWidth>1</lineWidth>
</Connector>
<Connector class="oracle.dbtools.crest.swingui.logical.TVInheritanceRelation" oid="21CFAA6E-90B2-D4B4-6A25-3B2AF13BFF6B" otype="Hierarchy relation" vid_source="22CE1C59-F88C-D97E-C48D-2D4C01DB2EC2" vid_target="E72FE05D-E2CE-99EB-031E-7A22CCF1F70D">
<hideElementsInCurrentOnly>false</hideElementsInCurrentOnly>
<backgroundColor>-65536</backgroundColor>
<lineWidth>1</lineWidth>
</Connector>
<Connector class="oracle.dbtools.crest.swingui.logical.TVInheritanceRelation" oid="65F3936E-F0DF-D66A-253C-70413DA1BB85" otype="Hierarchy relation" vid_source="2A75B110-8007-B023-815E-D913C14AECA2" vid_target="83A17975-B17E-D2CA-AAA7-202B42A89F06">
<hideElementsInCurrentOnly>false</hideElementsInCurrentOnly>
<backgroundColor>-65536</backgroundColor>
<lineWidth>1</lineWidth>
</Connector>
<Connector class="oracle.dbtools.crest.swingui.logical.TVRelation" oid="71681F5C-FC12-CED8-C8EB-CAE584E08810" otype="Relation" vid_source="9721944D-C85E-E17E-6BBB-28AD2701E7C9" vid_target="698FEBB7-96B2-C35A-E496-0215F329CE8F">
<hideElementsInCurrentOnly>false</hideElementsInCurrentOnly>
<backgroundColor>-16777216</backgroundColor>
<lineWidth>1</lineWidth>
<points>
<point x="764" y="154"/>
<point x="674" y="154"/>
</points>
</Connector>
<Connector class="oracle.dbtools.crest.swingui.logical.TVRelation" oid="82B41103-80FD-B781-9248-C47642EDDD4A" otype="Relation" vid_source="6F80A248-6B8D-683D-E363-1E7FE6F131E4" vid_target="22CE1C59-F88C-D97E-C48D-2D4C01DB2EC2">
<hideElementsInCurrentOnly>false</hideElementsInCurrentOnly>
<backgroundColor>-16777216</backgroundColor>
<lineWidth>1</lineWidth>
<points>
<point x="285" y="150"/>
<point x="234" y="150"/>
</points>
</Connector>
<Connector class="oracle.dbtools.crest.swingui.logical.TVRelation" oid="8B2DFCF2-FFA0-F8D6-DA94-25F76B654D92" otype="Relation" vid_source="698FEBB7-96B2-C35A-E496-0215F329CE8F" vid_target="2A75B110-8007-B023-815E-D913C14AECA2">
<hideElementsInCurrentOnly>false</hideElementsInCurrentOnly>
<backgroundColor>-16777216</backgroundColor>
<lineWidth>1</lineWidth>
<points>
<point x="600" y="286"/>
<point x="600" y="360"/>
</points>
</Connector>
<Connector class="oracle.dbtools.crest.swingui.logical.TVRelation" oid="94C654AB-7623-E28A-CDA0-01CFC0B797DA" otype="Relation" vid_source="9721944D-C85E-E17E-6BBB-28AD2701E7C9" vid_target="6937EEA5-AFF8-0A41-0909-BA83B33C714B">
<hideElementsInCurrentOnly>false</hideElementsInCurrentOnly>
<backgroundColor>-16777216</backgroundColor>
<lineWidth>1</lineWidth>
<points>
<point x="836" y="219"/>
<point x="836" y="275"/>
</points>
</Connector>
<Connector class="oracle.dbtools.crest.swingui.logical.TVRelation" oid="CBBEC74D-0440-81B6-B290-22726072D657" otype="Relation" vid_source="698FEBB7-96B2-C35A-E496-0215F329CE8F" vid_target="6F80A248-6B8D-683D-E363-1E7FE6F131E4">
<hideElementsInCurrentOnly>false</hideElementsInCurrentOnly>
<backgroundColor>-16777216</backgroundColor>
<lineWidth>1</lineWidth>
<points>
<point x="527" y="165"/>
<point x="455" y="165"/>
</points>
</Connector>
</connectors>
</Diagram>