<?xml version = '1.0' encoding = 'UTF-8'?>
<relationalModel class="oracle.dbtools.crest.model.design.relational.RelationalDesign" name="Relational_1" id="034C0063-7E3B-3231-0696-9AB09CAA809C" mainViewID="2EC5B93F-EBF7-4406-2815-233E2355A7E2">
<createdBy>sergi</createdBy>
<createdTime>2020-10-09 15:37:40 UTC</createdTime>
<ownerDesignName>ejercicio 5 obtubre</ownerDesignName>
<shouldBeOpen>false</shouldBeOpen>
<selectedRDBMSSite>32076570-2523-435C-2E92-BF29817DFF70</selectedRDBMSSite>
</relationalModel>