<?xml version = '1.0' encoding = 'UTF-8'?>
<Diagram class="oracle.dbtools.crest.swingui.logical.DPVLogical" name="Logical" id="418B7F88-6F7C-ADB2-D04C-AA473F8676CB">
<createdBy>sergi</createdBy>
<modifiedBy>sergi</modifiedBy>
<createdTime>2020-10-29 19:01:11 UTC</createdTime>
<autoRoute>false</autoRoute>
<boxInbox>true</boxInbox>
<showLegend>false</showLegend>
<showLabels>false</showLabels>
<showRelAttributes>false</showRelAttributes>
<gridEnabled>false</gridEnabled>
<showGrid>false</showGrid>
<diagramColor>-1</diagramColor>
<display>false</display>
<notation>1</notation>
<objectViews>
<OView class="oracle.dbtools.crest.swingui.logical.TVEntity" oid="17CE97B9-0F7A-4406-3275-9B48F6C5708E" otype="Entity" vid="06D9A10D-519B-BDE0-D0ED-990CFD9D4F11">
<hideElementsInCurrentOnly>false</hideElementsInCurrentOnly>
<bounds x="200" y="160" width="107" height="77"/>
</OView>
<OView class="oracle.dbtools.crest.swingui.logical.TVEntity" oid="53B24E9A-172C-48FD-DCF2-80AEB240EB15" otype="Entity" vid="E1C7ED3F-5E61-A650-9AAA-D461BDC27B5C">
<hideElementsInCurrentOnly>false</hideElementsInCurrentOnly>
<bounds x="254" y="359" width="116" height="160"/>
</OView>
<OView class="oracle.dbtools.crest.swingui.logical.TVEntity" oid="57ED56DC-5CF0-B220-6408-481315D03BA5" otype="Entity" vid="2C6FE8E2-38D8-4500-890E-10429ACE35D1">
<hideElementsInCurrentOnly>false</hideElementsInCurrentOnly>
<bounds x="434" y="437" width="117" height="99"/>
</OView>
<OView class="oracle.dbtools.crest.swingui.logical.TVEntity" oid="6B163765-321A-B22C-CA09-105B2AEF0F63" otype="Entity" vid="C9CFDD72-03DA-7978-A48D-B787E72F8459">
<hideElementsInCurrentOnly>false</hideElementsInCurrentOnly>
<bounds x="53" y="15" width="106" height="179"/>
</OView>
<OView class="oracle.dbtools.crest.swingui.logical.TVEntity" oid="7583A356-F2DA-33F9-3799-9609A1C41D5F" otype="Entity" vid="2E0810DD-8447-D9CE-4AA2-52636312360C">
<hideElementsInCurrentOnly>false</hideElementsInCurrentOnly>
<bounds x="365" y="233" width="88" height="77"/>
</OView>
<OView class="oracle.dbtools.crest.swingui.logical.TVEntity" oid="94EB9440-631B-2424-FEB4-D7FFF98AE7F8" otype="Entity" vid="0469E226-F4AA-0EEB-6D00-C7EAFF407D5D">
<hideElementsInCurrentOnly>false</hideElementsInCurrentOnly>
<bounds x="694" y="87" width="113" height="63"/>
</OView>
<OView class="oracle.dbtools.crest.swingui.logical.TVEntity" oid="B9BD3734-11BD-4F09-0D8B-EB9788B44771" otype="Entity" vid="BCEE0B19-5D05-B7AA-EC5B-BE68C993A2F6">
<hideElementsInCurrentOnly>false</hideElementsInCurrentOnly>
<bounds x="357" y="17" width="116" height="164"/>
</OView>
<OView class="oracle.dbtools.crest.swingui.logical.TVEntity" oid="C594C228-D773-6E1C-E0DD-0AE71A37F833" otype="Entity" vid="D2D66916-7DCB-EF49-B176-6540C34CB027">
<hideElementsInCurrentOnly>false</hideElementsInCurrentOnly>
<bounds x="42" y="312" width="126" height="196"/>
</OView>
<OView class="oracle.dbtools.crest.swingui.logical.TVEntity" oid="C9256BAA-A662-7542-B06C-5343296FB319" otype="Entity" vid="1EF553FF-C8FA-B81F-6626-90D2C186C70F">
<hideElementsInCurrentOnly>false</hideElementsInCurrentOnly>
<bounds x="700" y="198" width="109" height="62"/>
</OView>
<OView class="oracle.dbtools.crest.swingui.logical.TVEntity" oid="DE021295-0C76-4160-9352-5A3FC19A8C9E" otype="Entity" vid="A7B7B96B-0FB2-061C-BD46-7082F1334604">
<hideElementsInCurrentOnly>false</hideElementsInCurrentOnly>
<bounds x="690" y="294" width="131" height="30"/>
</OView>
<OView class="oracle.dbtools.crest.swingui.logical.TVEntity" oid="F84491D0-1D19-AE17-2ACE-E4F77B635227" otype="Entity" vid="DA86EFA1-92A7-5D73-5095-B089A25F34E0">
<hideElementsInCurrentOnly>false</hideElementsInCurrentOnly>
<bounds x="551" y="55" width="99" height="280"/>
</OView>
</objectViews>
<connectors>
<Connector class="oracle.dbtools.crest.swingui.logical.TVRelation" oid="090AD6D4-0909-2671-FA31-DB840AF23947" otype="Relation" vid_source="1EF553FF-C8FA-B81F-6626-90D2C186C70F" vid_target="0469E226-F4AA-0EEB-6D00-C7EAFF407D5D">
<hideElementsInCurrentOnly>false</hideElementsInCurrentOnly>
<backgroundColor>-16777216</backgroundColor>
<lineWidth>1</lineWidth>
<points>
<point x="768" y="198"/>
<point x="768" y="150"/>
</points>
</Connector>
<Connector class="oracle.dbtools.crest.swingui.logical.TVRelation" oid="631F2E85-752B-97E4-D13B-4C383D6D95BE" otype="Relation" vid_source="E1C7ED3F-5E61-A650-9AAA-D461BDC27B5C" vid_target="2C6FE8E2-38D8-4500-890E-10429ACE35D1">
<hideElementsInCurrentOnly>false</hideElementsInCurrentOnly>
<backgroundColor>-16777216</backgroundColor>
<lineWidth>1</lineWidth>
<points>
<point x="370" y="493"/>
<point x="434" y="493"/>
</points>
</Connector>
<Connector class="oracle.dbtools.crest.swingui.logical.TVRelation" oid="8E46B718-8288-C8C2-786F-70407FFDE4E6" otype="Relation" vid_source="DA86EFA1-92A7-5D73-5095-B089A25F34E0" vid_target="DA86EFA1-92A7-5D73-5095-B089A25F34E0">
<hideElementsInCurrentOnly>false</hideElementsInCurrentOnly>
<backgroundColor>-16777216</backgroundColor>
<lineWidth>1</lineWidth>
<points>
<point x="650" y="219"/>
<point x="750" y="219"/>
<point x="750" y="435"/>
<point x="609" y="435"/>
<point x="609" y="335"/>
</points>
</Connector>
<Connector class="oracle.dbtools.crest.swingui.logical.TVRelation" oid="9167301D-7B0B-947B-2A2E-2AB939142138" otype="Relation" vid_source="D2D66916-7DCB-EF49-B176-6540C34CB027" vid_target="E1C7ED3F-5E61-A650-9AAA-D461BDC27B5C">
<hideElementsInCurrentOnly>false</hideElementsInCurrentOnly>
<backgroundColor>-16777216</backgroundColor>
<lineWidth>1</lineWidth>
<points>
<point x="168" y="448"/>
<point x="254" y="448"/>
</points>
</Connector>
<Connector class="oracle.dbtools.crest.swingui.logical.TVRelation" oid="A3A8E7F8-3A0B-965A-2E6F-184DEC11E8D2" otype="Relation" vid_source="DA86EFA1-92A7-5D73-5095-B089A25F34E0" vid_target="A7B7B96B-0FB2-061C-BD46-7082F1334604">
<hideElementsInCurrentOnly>false</hideElementsInCurrentOnly>
<backgroundColor>-16777216</backgroundColor>
<lineWidth>1</lineWidth>
<points>
<point x="650" y="294"/>
<point x="690" y="294"/>
</points>
</Connector>
<Connector class="oracle.dbtools.crest.swingui.logical.TVRelation" oid="B5C834F7-B056-4698-69F0-5164355F8F9F" otype="Relation" vid_source="BCEE0B19-5D05-B7AA-EC5B-BE68C993A2F6" vid_target="C9CFDD72-03DA-7978-A48D-B787E72F8459">
<hideElementsInCurrentOnly>false</hideElementsInCurrentOnly>
<backgroundColor>-16777216</backgroundColor>
<lineWidth>1</lineWidth>
<points>
<point x="357" y="114"/>
<point x="159" y="114"/>
</points>
</Connector>
<Connector class="oracle.dbtools.crest.swingui.logical.TVRelation" oid="BE66F276-F211-94AC-1693-2F08827B0B6D" otype="Relation" vid_source="E1C7ED3F-5E61-A650-9AAA-D461BDC27B5C" vid_target="2E0810DD-8447-D9CE-4AA2-52636312360C">
<hideElementsInCurrentOnly>false</hideElementsInCurrentOnly>
<backgroundColor>-16777216</backgroundColor>
<lineWidth>1</lineWidth>
<points>
<point x="367" y="359"/>
<point x="367" y="310"/>
</points>
</Connector>
<Connector class="oracle.dbtools.crest.swingui.logical.TVRelation" oid="D256ECD5-8725-29AD-4C40-EC7D283FFE42" otype="Relation" vid_source="BCEE0B19-5D05-B7AA-EC5B-BE68C993A2F6" vid_target="2E0810DD-8447-D9CE-4AA2-52636312360C">
<hideElementsInCurrentOnly>false</hideElementsInCurrentOnly>
<backgroundColor>-16777216</backgroundColor>
<lineWidth>1</lineWidth>
<points>
<point x="409" y="181"/>
<point x="409" y="233"/>
</points>
</Connector>
<Connector class="oracle.dbtools.crest.swingui.logical.TVRelation" oid="D9B4E031-2F8B-19DA-5E75-C700A818E701" otype="Relation" vid_source="BCEE0B19-5D05-B7AA-EC5B-BE68C993A2F6" vid_target="06D9A10D-519B-BDE0-D0ED-990CFD9D4F11">
<hideElementsInCurrentOnly>false</hideElementsInCurrentOnly>
<backgroundColor>-16777216</backgroundColor>
<lineWidth>1</lineWidth>
<points>
<point x="357" y="170"/>
<point x="307" y="170"/>
</points>
</Connector>
<Connector class="oracle.dbtools.crest.swingui.logical.TVRelation" oid="E041E610-175A-6500-D30D-EA90BBFE2DEE" otype="Relation" vid_source="1EF553FF-C8FA-B81F-6626-90D2C186C70F" vid_target="A7B7B96B-0FB2-061C-BD46-7082F1334604">
<hideElementsInCurrentOnly>false</hideElementsInCurrentOnly>
<backgroundColor>-16777216</backgroundColor>
<lineWidth>1</lineWidth>
<points>
<point x="769" y="260"/>
<point x="769" y="294"/>
</points>
</Connector>
<Connector class="oracle.dbtools.crest.swingui.logical.TVRelation" oid="EC12247A-5670-DC6E-E4F1-7A85E6B4E4C2" otype="Relation" vid_source="BCEE0B19-5D05-B7AA-EC5B-BE68C993A2F6" vid_target="DA86EFA1-92A7-5D73-5095-B089A25F34E0">
<hideElementsInCurrentOnly>false</hideElementsInCurrentOnly>
<backgroundColor>-16777216</backgroundColor>
<lineWidth>1</lineWidth>
<points>
<point x="473" y="133"/>
<point x="551" y="133"/>
</points>
</Connector>
</connectors>
</Diagram>