<?xml version = '1.0' encoding = 'UTF-8'?>
<InheritanceRelation class="oracle.dbtools.crest.model.design.logical.InheritanceRelation" name="Hierarchy_1" directorySegmentName="seg_0" id="549D520E-79FE-874F-CFD9-5C1A3B5B3984">
<createdBy>sergi</createdBy>
<createdTime>2018-11-23 16:02:36 UTC</createdTime>
<ownerDesignName>modelo logico trabajo</ownerDesignName>
<engineerTo>
<item key="08263C5D-3E34-0EC3-C5FB-942E2EA00B5D" value="true"/>
</engineerTo>
<identifying>false</identifying>
<nameOnSource>Super Type</nameOnSource>
<nameOnTarget>Sub Type</nameOnTarget>
<optionalSource>true</optionalSource>
<optionalTarget>true</optionalTarget>
<sourceEntity>EA3273D5-2E6D-6B58-19E2-5C7D96F361DF</sourceEntity>
<targetEntity>C3304811-7C43-8E59-6C6D-8D21DE2256BF</targetEntity>
<transferable>true</transferable>
<deleteRule>NO ACTION</deleteRule>
</InheritanceRelation>