<?xml version = '1.0' encoding = 'UTF-8'?>
<relationalModel class="oracle.dbtools.crest.model.design.relational.RelationalDesign" name="Relational_1" id="08263C5D-3E34-0EC3-C5FB-942E2EA00B5D" mainViewID="4D536D1E-2E26-C1B9-21D4-057C113261CC">
<createdBy>sergi</createdBy>
<createdTime>2018-11-23 15:23:23 UTC</createdTime>
<ownerDesignName>modelo logico trabajo</ownerDesignName>
<shouldBeOpen>true</shouldBeOpen>
<selectedRDBMSSite>32076570-2523-435C-2E92-BF29817DFF70</selectedRDBMSSite>
</relationalModel>