<?xml version = '1.0' encoding = 'UTF-8'?>
<Entity class="oracle.dbtools.crest.model.design.logical.Entity" directorySegmentName="seg_0" id="08133598-F1C3-BF49-BF62-35E03B0044EA" name="Partidos">
<createdBy>sergi</createdBy>
<createdTime>2020-10-09 16:52:19 UTC</createdTime>
<ownerDesignName>ejercicio 5 obtubre</ownerDesignName>
<engineerTo>
<item key="034C0063-7E3B-3231-0696-9AB09CAA809C" value="true"/>
</engineerTo>
<adequatelyNormalized>NO</adequatelyNormalized>
<expectedVolumes>0</expectedVolumes>
<fwdEngineeringStrategyName>Single Table</fwdEngineeringStrategyName>
<growthPercent>0</growthPercent>
<growthType>Year</growthType>
<maxVolumes>9999999</maxVolumes>
<minVolumes>0</minVolumes>
<normalForm>Third</normalForm>
<attributes itemClass="oracle.dbtools.crest.model.design.logical.Attribute">
<Attribute name="local" id="031F982F-B8FB-7743-7B67-586B2CF9E25F">
<createdBy>sergi</createdBy>
<createdTime>2020-10-09 16:52:25 UTC</createdTime>
<ownerDesignName>ejercicio 5 obtubre</ownerDesignName>
<engineerTo>
<item key="034C0063-7E3B-3231-0696-9AB09CAA809C" value="true"/>
</engineerTo>
<nullsAllowed>true</nullsAllowed>
<useDomainConstraints>false</useDomainConstraints>
<use>1</use>
<logicalDatatype>LOGDT024</logicalDatatype>
<ownDataTypeParameters>,,</ownDataTypeParameters>
</Attribute>
<Attribute name="visitante" id="5ED9768E-C4A8-444B-F4AC-C3DA8A6F7D12">
<createdBy>sergi</createdBy>
<createdTime>2020-10-09 16:52:26 UTC</createdTime>
<ownerDesignName>ejercicio 5 obtubre</ownerDesignName>
<engineerTo>
<item key="034C0063-7E3B-3231-0696-9AB09CAA809C" value="true"/>
</engineerTo>
<nullsAllowed>true</nullsAllowed>
<useDomainConstraints>false</useDomainConstraints>
<use>1</use>
<logicalDatatype>LOGDT024</logicalDatatype>
<ownDataTypeParameters>,,</ownDataTypeParameters>
</Attribute>
<Attribute name="campo" id="E3CDB9E0-FF93-E006-EA43-E3D60B08A9A9">
<createdBy>sergi</createdBy>
<createdTime>2020-10-09 16:52:26 UTC</createdTime>
<ownerDesignName>ejercicio 5 obtubre</ownerDesignName>
<engineerTo>
<item key="034C0063-7E3B-3231-0696-9AB09CAA809C" value="true"/>
</engineerTo>
<nullsAllowed>true</nullsAllowed>
<useDomainConstraints>false</useDomainConstraints>
<use>1</use>
<logicalDatatype>LOGDT024</logicalDatatype>
<ownDataTypeParameters>,,</ownDataTypeParameters>
</Attribute>
<Attribute name="resultado" id="43FEAC14-EC78-9500-8651-EF9F28AC35CE">
<createdBy>sergi</createdBy>
<createdTime>2020-10-09 16:52:26 UTC</createdTime>
<ownerDesignName>ejercicio 5 obtubre</ownerDesignName>
<engineerTo>
<item key="034C0063-7E3B-3231-0696-9AB09CAA809C" value="true"/>
</engineerTo>
<nullsAllowed>true</nullsAllowed>
<useDomainConstraints>false</useDomainConstraints>
<use>1</use>
<logicalDatatype>LOGDT019</logicalDatatype>
<ownDataTypeParameters>,,</ownDataTypeParameters>
</Attribute>
<Attribute name="fecha" id="6466BEE6-97F2-AA58-F0C3-1E7FAA25E034">
<createdBy>sergi</createdBy>
<createdTime>2020-10-09 16:52:26 UTC</createdTime>
<ownerDesignName>ejercicio 5 obtubre</ownerDesignName>
<engineerTo>
<item key="034C0063-7E3B-3231-0696-9AB09CAA809C" value="true"/>
</engineerTo>
<nullsAllowed>true</nullsAllowed>
<useDomainConstraints>false</useDomainConstraints>
<use>1</use>
<logicalDatatype>LOGDT007</logicalDatatype>
<ownDataTypeParameters>,,</ownDataTypeParameters>
</Attribute>
<Attribute name="hora" id="147CA78D-C70E-4C9E-6EE2-0C7BEC22E5AC">
<createdBy>sergi</createdBy>
<createdTime>2020-10-09 16:52:26 UTC</createdTime>
<ownerDesignName>ejercicio 5 obtubre</ownerDesignName>
<engineerTo>
<item key="034C0063-7E3B-3231-0696-9AB09CAA809C" value="true"/>
</engineerTo>
<nullsAllowed>true</nullsAllowed>
<useDomainConstraints>false</useDomainConstraints>
<use>1</use>
<logicalDatatype>LOGDT019</logicalDatatype>
<ownDataTypeParameters>,,</ownDataTypeParameters>
</Attribute>
<Attribute name="recaudacion_taquilla" id="61939C71-5135-5FDD-BACB-E1E5A78DBD65">
<createdBy>sergi</createdBy>
<createdTime>2020-10-09 16:52:28 UTC</createdTime>
<ownerDesignName>ejercicio 5 obtubre</ownerDesignName>
<engineerTo>
<item key="034C0063-7E3B-3231-0696-9AB09CAA809C" value="true"/>
</engineerTo>
<nullsAllowed>true</nullsAllowed>
<useDomainConstraints>false</useDomainConstraints>
<use>1</use>
<logicalDatatype>LOGDT019</logicalDatatype>
<ownDataTypeParameters>,,</ownDataTypeParameters>
</Attribute>
<Attribute name="num_espectadores" id="DF5678DF-6EF0-D684-18D0-2822DF89EF36">
<createdBy>sergi</createdBy>
<createdTime>2020-10-09 16:52:28 UTC</createdTime>
<ownerDesignName>ejercicio 5 obtubre</ownerDesignName>
<engineerTo>
<item key="034C0063-7E3B-3231-0696-9AB09CAA809C" value="true"/>
</engineerTo>
<nullsAllowed>true</nullsAllowed>
<useDomainConstraints>false</useDomainConstraints>
<use>1</use>
<logicalDatatype>LOGDT019</logicalDatatype>
<ownDataTypeParameters>,,</ownDataTypeParameters>
</Attribute>
</attributes>
</Entity>