<?xml version = '1.0' encoding = 'UTF-8'?>
<Entity class="oracle.dbtools.crest.model.design.logical.Entity" directorySegmentName="seg_0" id="1036A01D-6DCC-038A-3506-19BE09F67B9A" name="Personal">
<createdBy>sergi</createdBy>
<createdTime>2020-10-09 16:31:11 UTC</createdTime>
<ownerDesignName>ejercicio 5 obtubre</ownerDesignName>
<engineerTo>
<item key="034C0063-7E3B-3231-0696-9AB09CAA809C" value="true"/>
</engineerTo>
<adequatelyNormalized>NO</adequatelyNormalized>
<expectedVolumes>0</expectedVolumes>
<fwdEngineeringStrategyName>Single Table</fwdEngineeringStrategyName>
<growthPercent>0</growthPercent>
<growthType>Year</growthType>
<maxVolumes>9999999</maxVolumes>
<minVolumes>0</minVolumes>
<normalForm>Third</normalForm>
<attributes itemClass="oracle.dbtools.crest.model.design.logical.Attribute">
<Attribute name="nombre" id="AAFA0300-F779-1528-CCE7-BB4A0835DDE4">
<createdBy>sergi</createdBy>
<createdTime>2020-10-09 16:33:05 UTC</createdTime>
<ownerDesignName>ejercicio 5 obtubre</ownerDesignName>
<engineerTo>
<item key="034C0063-7E3B-3231-0696-9AB09CAA809C" value="true"/>
</engineerTo>
<nullsAllowed>true</nullsAllowed>
<useDomainConstraints>false</useDomainConstraints>
<use>1</use>
<logicalDatatype>LOGDT024</logicalDatatype>
<ownDataTypeParameters>,,</ownDataTypeParameters>
</Attribute>
<Attribute name="fecha_nacimiento" id="82B59897-3405-8265-8A98-E6CE111DD56B">
<createdBy>sergi</createdBy>
<createdTime>2020-10-09 16:33:05 UTC</createdTime>
<ownerDesignName>ejercicio 5 obtubre</ownerDesignName>
<engineerTo>
<item key="034C0063-7E3B-3231-0696-9AB09CAA809C" value="true"/>
</engineerTo>
<nullsAllowed>true</nullsAllowed>
<useDomainConstraints>false</useDomainConstraints>
<use>1</use>
<logicalDatatype>LOGDT007</logicalDatatype>
<ownDataTypeParameters>,,</ownDataTypeParameters>
</Attribute>
<Attribute name="DNI" id="DAEB7E50-EE95-3D92-A8C4-1A5D992A6E25">
<createdBy>sergi</createdBy>
<createdTime>2020-10-09 16:33:05 UTC</createdTime>
<ownerDesignName>ejercicio 5 obtubre</ownerDesignName>
<engineerTo>
<item key="034C0063-7E3B-3231-0696-9AB09CAA809C" value="true"/>
</engineerTo>
<nullsAllowed>true</nullsAllowed>
<useDomainConstraints>false</useDomainConstraints>
<use>1</use>
<logicalDatatype>LOGDT024</logicalDatatype>
<ownDataTypeParameters>,,</ownDataTypeParameters>
</Attribute>
<Attribute name="Telefono" id="4FF24686-31CE-183A-37BC-FAA7EC1E67D1">
<createdBy>sergi</createdBy>
<createdTime>2020-10-09 16:33:05 UTC</createdTime>
<ownerDesignName>ejercicio 5 obtubre</ownerDesignName>
<engineerTo>
<item key="034C0063-7E3B-3231-0696-9AB09CAA809C" value="true"/>
</engineerTo>
<nullsAllowed>true</nullsAllowed>
<use>0</use>
<ownDataTypeParameters>,,</ownDataTypeParameters>
</Attribute>
<Attribute name="Direccion" id="B43CC50A-21F3-70CB-3CD4-84AFBF5A6E31">
<createdBy>sergi</createdBy>
<createdTime>2020-10-09 16:33:06 UTC</createdTime>
<ownerDesignName>ejercicio 5 obtubre</ownerDesignName>
<engineerTo>
<item key="034C0063-7E3B-3231-0696-9AB09CAA809C" value="true"/>
</engineerTo>
<nullsAllowed>true</nullsAllowed>
<useDomainConstraints>false</useDomainConstraints>
<use>1</use>
<logicalDatatype>LOGDT024</logicalDatatype>
<ownDataTypeParameters>,,</ownDataTypeParameters>
</Attribute>
<Attribute name="Sueldo" id="01128D60-4A4E-AB4F-8750-F839545FCA19">
<createdBy>sergi</createdBy>
<createdTime>2020-10-09 16:33:06 UTC</createdTime>
<ownerDesignName>ejercicio 5 obtubre</ownerDesignName>
<engineerTo>
<item key="034C0063-7E3B-3231-0696-9AB09CAA809C" value="true"/>
</engineerTo>
<nullsAllowed>true</nullsAllowed>
<useDomainConstraints>false</useDomainConstraints>
<use>1</use>
<logicalDatatype>LOGDT019</logicalDatatype>
<ownDataTypeParameters>,,</ownDataTypeParameters>
</Attribute>
<Attribute name="Cargo" id="C97F7C23-6A35-586D-9C19-BA44D153E518">
<createdBy>sergi</createdBy>
<createdTime>2020-10-09 16:33:06 UTC</createdTime>
<ownerDesignName>ejercicio 5 obtubre</ownerDesignName>
<engineerTo>
<item key="034C0063-7E3B-3231-0696-9AB09CAA809C" value="true"/>
</engineerTo>
<nullsAllowed>true</nullsAllowed>
<useDomainConstraints>false</useDomainConstraints>
<use>1</use>
<logicalDatatype>LOGDT024</logicalDatatype>
<ownDataTypeParameters>,,</ownDataTypeParameters>
</Attribute>
</attributes>
</Entity>