<?xml version = '1.0' encoding = 'UTF-8'?>
<Entity class="oracle.dbtools.crest.model.design.logical.Entity" directorySegmentName="seg_0" id="3EFFA9AA-B823-4FD5-C695-7987468A2538" name="Colegiados">
<createdBy>sergi</createdBy>
<createdTime>2020-10-09 17:01:31 UTC</createdTime>
<ownerDesignName>ejercicio 5 obtubre</ownerDesignName>
<engineerTo>
<item key="034C0063-7E3B-3231-0696-9AB09CAA809C" value="true"/>
</engineerTo>
<adequatelyNormalized>NO</adequatelyNormalized>
<expectedVolumes>0</expectedVolumes>
<fwdEngineeringStrategyName>Single Table</fwdEngineeringStrategyName>
<growthPercent>0</growthPercent>
<growthType>Year</growthType>
<maxVolumes>9999999</maxVolumes>
<minVolumes>0</minVolumes>
<normalForm>Third</normalForm>
<attributes itemClass="oracle.dbtools.crest.model.design.logical.Attribute">
<Attribute name="categoria" id="3AD371DC-6216-CC65-097E-464C987C34D9">
<createdBy>sergi</createdBy>
<createdTime>2020-10-09 17:01:44 UTC</createdTime>
<ownerDesignName>ejercicio 5 obtubre</ownerDesignName>
<engineerTo>
<item key="034C0063-7E3B-3231-0696-9AB09CAA809C" value="true"/>
</engineerTo>
<nullsAllowed>true</nullsAllowed>
<useDomainConstraints>false</useDomainConstraints>
<use>1</use>
<logicalDatatype>LOGDT024</logicalDatatype>
<ownDataTypeParameters>,,</ownDataTypeParameters>
</Attribute>
<Attribute name="identificador" id="4DDA9557-9E25-74CF-485E-E1ABA3778017">
<createdBy>sergi</createdBy>
<createdTime>2020-10-09 17:01:44 UTC</createdTime>
<ownerDesignName>ejercicio 5 obtubre</ownerDesignName>
<engineerTo>
<item key="034C0063-7E3B-3231-0696-9AB09CAA809C" value="true"/>
</engineerTo>
<nullsAllowed>true</nullsAllowed>
<useDomainConstraints>false</useDomainConstraints>
<use>1</use>
<logicalDatatype>LOGDT019</logicalDatatype>
<ownDataTypeParameters>,,</ownDataTypeParameters>
</Attribute>
<Attribute name="nombre" id="9D2C504A-235F-8771-8654-F0A7D5CE1583">
<createdBy>sergi</createdBy>
<createdTime>2020-10-09 17:01:44 UTC</createdTime>
<ownerDesignName>ejercicio 5 obtubre</ownerDesignName>
<engineerTo>
<item key="034C0063-7E3B-3231-0696-9AB09CAA809C" value="true"/>
</engineerTo>
<nullsAllowed>true</nullsAllowed>
<useDomainConstraints>false</useDomainConstraints>
<use>1</use>
<logicalDatatype>LOGDT024</logicalDatatype>
<ownDataTypeParameters>,,</ownDataTypeParameters>
</Attribute>
<Attribute name="DNI" id="CF985983-1A50-1634-FA1E-362BD894D1BB">
<createdBy>sergi</createdBy>
<createdTime>2020-10-09 17:01:45 UTC</createdTime>
<ownerDesignName>ejercicio 5 obtubre</ownerDesignName>
<engineerTo>
<item key="034C0063-7E3B-3231-0696-9AB09CAA809C" value="true"/>
</engineerTo>
<nullsAllowed>true</nullsAllowed>
<useDomainConstraints>false</useDomainConstraints>
<use>1</use>
<logicalDatatype>LOGDT024</logicalDatatype>
<ownDataTypeParameters>,,</ownDataTypeParameters>
</Attribute>
<Attribute name="antiguedad" id="DC8562D9-9B91-B18D-58B3-3CA98B236F33">
<createdBy>sergi</createdBy>
<createdTime>2020-10-09 17:02:44 UTC</createdTime>
<ownerDesignName>ejercicio 5 obtubre</ownerDesignName>
<engineerTo>
<item key="034C0063-7E3B-3231-0696-9AB09CAA809C" value="true"/>
</engineerTo>
<nullsAllowed>true</nullsAllowed>
<useDomainConstraints>false</useDomainConstraints>
<use>1</use>
<logicalDatatype>LOGDT007</logicalDatatype>
<ownDataTypeParameters>,,</ownDataTypeParameters>
</Attribute>
<Attribute name="categoria_anterior" id="FCD197F1-C601-C738-1A5A-5CE81E202652">
<createdBy>sergi</createdBy>
<createdTime>2020-10-09 17:02:46 UTC</createdTime>
<ownerDesignName>ejercicio 5 obtubre</ownerDesignName>
<engineerTo>
<item key="034C0063-7E3B-3231-0696-9AB09CAA809C" value="true"/>
</engineerTo>
<nullsAllowed>true</nullsAllowed>
<useDomainConstraints>false</useDomainConstraints>
<use>1</use>
<logicalDatatype>LOGDT024</logicalDatatype>
<ownDataTypeParameters>,,</ownDataTypeParameters>
</Attribute>
</attributes>
</Entity>