<?xml version = '1.0' encoding = 'UTF-8'?>
<Entity class="oracle.dbtools.crest.model.design.logical.Entity" directorySegmentName="seg_0" id="D7D7FD42-D89E-0A36-15A0-D45623831FF3" name="juez_de_linea">
<createdBy>sergi</createdBy>
<createdTime>2020-10-09 17:06:31 UTC</createdTime>
<ownerDesignName>ejercicio 5 obtubre</ownerDesignName>
<engineerTo>
<item key="034C0063-7E3B-3231-0696-9AB09CAA809C" value="true"/>
</engineerTo>
<adequatelyNormalized>NO</adequatelyNormalized>
<expectedVolumes>0</expectedVolumes>
<fwdEngineeringStrategyName>Single Table</fwdEngineeringStrategyName>
<growthPercent>0</growthPercent>
<growthType>Year</growthType>
<hierarchicalParent>3EFFA9AA-B823-4FD5-C695-7987468A2538</hierarchicalParent>
<maxVolumes>9999999</maxVolumes>
<minVolumes>0</minVolumes>
<normalForm>Third</normalForm>
<attributes itemClass="oracle.dbtools.crest.model.design.logical.Attribute">
<Attribute name="posibilidades" id="8CF1898C-BE07-2C21-95E1-EFC957A7DA1C">
<createdBy>sergi</createdBy>
<createdTime>2020-10-09 17:06:45 UTC</createdTime>
<ownerDesignName>ejercicio 5 obtubre</ownerDesignName>
<engineerTo>
<item key="034C0063-7E3B-3231-0696-9AB09CAA809C" value="true"/>
</engineerTo>
<nullsAllowed>true</nullsAllowed>
<useDomainConstraints>false</useDomainConstraints>
<use>1</use>
<logicalDatatype>LOGDT019</logicalDatatype>
<ownDataTypeParameters>,,</ownDataTypeParameters>
</Attribute>
<Attribute name="edad_fecha" id="37CE7263-4BD7-9731-57A1-19A246FE05C2">
<createdBy>sergi</createdBy>
<createdTime>2020-10-09 17:06:47 UTC</createdTime>
<ownerDesignName>ejercicio 5 obtubre</ownerDesignName>
<engineerTo>
<item key="034C0063-7E3B-3231-0696-9AB09CAA809C" value="true"/>
</engineerTo>
<nullsAllowed>true</nullsAllowed>
<useDomainConstraints>false</useDomainConstraints>
<use>1</use>
<logicalDatatype>LOGDT007</logicalDatatype>
<ownDataTypeParameters>,,</ownDataTypeParameters>
</Attribute>
</attributes>
</Entity>