<?xml version = '1.0' encoding = 'UTF-8'?>
<Entity class="oracle.dbtools.crest.model.design.logical.Entity" directorySegmentName="seg_0" id="2BC3D519-4A7A-72C1-8EB0-F39000DF4E7F" name="ENVIOS">
<createdBy>sergi</createdBy>
<createdTime>2019-01-08 12:27:55 UTC</createdTime>
<ownerDesignName>proyecto acoes</ownerDesignName>
<engineerTo>
<item key="08263C5D-3E34-0EC3-C5FB-942E2EA00B5D" value="true"/>
</engineerTo>
<adequatelyNormalized>NO</adequatelyNormalized>
<expectedVolumes>0</expectedVolumes>
<fwdEngineeringStrategyName>Single Table</fwdEngineeringStrategyName>
<growthPercent>0</growthPercent>
<growthType>Year</growthType>
<maxVolumes>9999999</maxVolumes>
<minVolumes>0</minVolumes>
<normalForm>Third</normalForm>
<attributes itemClass="oracle.dbtools.crest.model.design.logical.Attribute">
<Attribute name="codigo" id="599A990C-FEE5-0102-DD51-49C19BC17000">
<createdBy>sergi</createdBy>
<createdTime>2019-01-08 12:35:13 UTC</createdTime>
<ownerDesignName>proyecto acoes</ownerDesignName>
<engineerTo>
<item key="08263C5D-3E34-0EC3-C5FB-942E2EA00B5D" value="true"/>
</engineerTo>
<useDomainConstraints>false</useDomainConstraints>
<use>1</use>
<logicalDatatype>LOGDT019</logicalDatatype>
<ownDataTypeParameters>,,</ownDataTypeParameters>
</Attribute>
<Attribute name="tipo" id="EFCF3C83-B3D3-F8F0-62A2-CE2344DB39C4">
<createdBy>sergi</createdBy>
<createdTime>2019-01-08 12:35:14 UTC</createdTime>
<ownerDesignName>proyecto acoes</ownerDesignName>
<engineerTo>
<item key="08263C5D-3E34-0EC3-C5FB-942E2EA00B5D" value="true"/>
</engineerTo>
<useDomainConstraints>false</useDomainConstraints>
<use>1</use>
<logicalDatatype>LOGDT024</logicalDatatype>
<dataTypeSize>50</dataTypeSize>
<ownDataTypeParameters>50,,</ownDataTypeParameters>
</Attribute>
<Attribute name="emisor" id="0315AAD9-7EF8-7C19-DAF5-F0A216C40F90">
<createdBy>sergi</createdBy>
<createdTime>2019-01-08 12:35:15 UTC</createdTime>
<ownerDesignName>proyecto acoes</ownerDesignName>
<engineerTo>
<item key="08263C5D-3E34-0EC3-C5FB-942E2EA00B5D" value="true"/>
</engineerTo>
<useDomainConstraints>false</useDomainConstraints>
<use>1</use>
<logicalDatatype>LOGDT024</logicalDatatype>
<dataTypeSize>50</dataTypeSize>
<ownDataTypeParameters>50,,</ownDataTypeParameters>
</Attribute>
<Attribute name="destinatario" id="110D3CEE-BD76-A25B-9866-2C61B810D493">
<createdBy>sergi</createdBy>
<createdTime>2019-01-08 12:35:17 UTC</createdTime>
<ownerDesignName>proyecto acoes</ownerDesignName>
<engineerTo>
<item key="08263C5D-3E34-0EC3-C5FB-942E2EA00B5D" value="true"/>
</engineerTo>
<useDomainConstraints>false</useDomainConstraints>
<use>1</use>
<logicalDatatype>LOGDT024</logicalDatatype>
<dataTypeSize>50</dataTypeSize>
<ownDataTypeParameters>50,,</ownDataTypeParameters>
</Attribute>
</attributes>
<identifiers itemClass="oracle.dbtools.crest.model.design.logical.CandidateKey">
<identifier id="42A66D3F-6E97-4774-E9C3-66C16E42F431" name="ENVIOS PK">
<createdBy>sergi</createdBy>
<createdTime>2019-01-08 12:35:47 UTC</createdTime>
<ownerDesignName>proyecto acoes</ownerDesignName>
<engineerTo>
<item key="08263C5D-3E34-0EC3-C5FB-942E2EA00B5D" value="true"/>
</engineerTo>
<pk>true</pk>
<usedAttributes>
<attributeRef>599A990C-FEE5-0102-DD51-49C19BC17000</attributeRef>
</usedAttributes>
</identifier>
</identifiers>
</Entity>