<?xml version = '1.0' encoding = 'UTF-8'?>
<Entity class="oracle.dbtools.crest.model.design.logical.Entity" directorySegmentName="seg_0" id="6BB405E6-1BA8-E67A-601C-6B39C9153D7E" name="GASTOS">
<createdBy>sergi</createdBy>
<createdTime>2018-11-23 16:17:06 UTC</createdTime>
<ownerDesignName>Trabajo final</ownerDesignName>
<engineerTo>
<item key="08263C5D-3E34-0EC3-C5FB-942E2EA00B5D" value="true"/>
</engineerTo>
<adequatelyNormalized>NO</adequatelyNormalized>
<expectedVolumes>0</expectedVolumes>
<fwdEngineeringStrategyName>Single Table</fwdEngineeringStrategyName>
<growthPercent>0</growthPercent>
<growthType>Year</growthType>
<maxVolumes>9999999</maxVolumes>
<minVolumes>0</minVolumes>
<normalForm>Third</normalForm>
<attributes itemClass="oracle.dbtools.crest.model.design.logical.Attribute">
<Attribute name="fecha" id="33D75197-896E-35E2-FC60-665BAFB5C385">
<createdBy>sergi</createdBy>
<createdTime>2018-11-23 16:17:34 UTC</createdTime>
<ownerDesignName>Trabajo final</ownerDesignName>
<engineerTo>
<item key="08263C5D-3E34-0EC3-C5FB-942E2EA00B5D" value="true"/>
</engineerTo>
<useDomainConstraints>false</useDomainConstraints>
<use>1</use>
<logicalDatatype>LOGDT007</logicalDatatype>
<ownDataTypeParameters>,,</ownDataTypeParameters>
</Attribute>
<Attribute name="numero_pago" id="4C1EACC5-9E40-E793-4FDD-A603FEB6F7AD">
<createdBy>sergi</createdBy>
<createdTime>2018-11-23 16:17:34 UTC</createdTime>
<ownerDesignName>Trabajo final</ownerDesignName>
<engineerTo>
<item key="08263C5D-3E34-0EC3-C5FB-942E2EA00B5D" value="true"/>
</engineerTo>
<useDomainConstraints>false</useDomainConstraints>
<use>1</use>
<logicalDatatype>LOGDT019</logicalDatatype>
<ownDataTypeParameters>,,</ownDataTypeParameters>
</Attribute>
<Attribute name="concepto" id="B95EBABB-DB23-6BF2-6C90-F247B25C77D0">
<createdBy>sergi</createdBy>
<createdTime>2018-11-23 16:17:34 UTC</createdTime>
<ownerDesignName>Trabajo final</ownerDesignName>
<engineerTo>
<item key="08263C5D-3E34-0EC3-C5FB-942E2EA00B5D" value="true"/>
</engineerTo>
<useDomainConstraints>false</useDomainConstraints>
<use>1</use>
<logicalDatatype>LOGDT024</logicalDatatype>
<dataTypeSize>50</dataTypeSize>
<ownDataTypeParameters>50,,</ownDataTypeParameters>
</Attribute>
<Attribute name="importe" id="4F432FB4-218A-EB0B-34B2-27FA54B8C0E3">
<createdBy>sergi</createdBy>
<createdTime>2018-11-23 16:17:35 UTC</createdTime>
<ownerDesignName>Trabajo final</ownerDesignName>
<engineerTo>
<item key="08263C5D-3E34-0EC3-C5FB-942E2EA00B5D" value="true"/>
</engineerTo>
<useDomainConstraints>false</useDomainConstraints>
<use>1</use>
<logicalDatatype>LOGDT019</logicalDatatype>
<ownDataTypeParameters>,,</ownDataTypeParameters>
</Attribute>
<Attribute name="codigo" id="526BBBE3-0CD1-1251-ACA7-87A8D1F281D6">
<createdBy>sergi</createdBy>
<createdTime>2018-11-23 16:41:36 UTC</createdTime>
<generatorID>A417BD20-861A-3CCC-3B5D-8E0768B4A805</generatorID>
<ownerDesignName>Trabajo final</ownerDesignName>
<engineerTo>
<item key="08263C5D-3E34-0EC3-C5FB-942E2EA00B5D" value="true"/>
</engineerTo>
<referedAttribute>AE82C08C-E0BE-7924-BC69-12B571CBEDB7</referedAttribute>
<useDomainConstraints>false</useDomainConstraints>
<use>1</use>
<logicalDatatype>LOGDT019</logicalDatatype>
<ownDataTypeParameters>,,</ownDataTypeParameters>
</Attribute>
<Attribute name="codigo1" id="35FB5040-2A0B-8A9E-3962-F21666BAF452">
<createdBy>sergi</createdBy>
<createdTime>2018-11-23 16:50:40 UTC</createdTime>
<generatorID>8C855C42-D9A2-853D-8ECE-D5759E340C59</generatorID>
<ownerDesignName>Trabajo final</ownerDesignName>
<engineerTo>
<item key="08263C5D-3E34-0EC3-C5FB-942E2EA00B5D" value="true"/>
</engineerTo>
<referedAttribute>D912413A-3F10-BF40-F564-72EB5B4BA64B</referedAttribute>
<useDomainConstraints>false</useDomainConstraints>
<use>1</use>
<logicalDatatype>LOGDT019</logicalDatatype>
<ownDataTypeParameters>,,</ownDataTypeParameters>
</Attribute>
<Attribute name="codigoGasto" id="568894FA-D827-2E69-8A12-B9C268D0D618">
<createdBy>sergi</createdBy>
<createdTime>2018-12-30 11:29:38 UTC</createdTime>
<ownerDesignName>Trabajo final</ownerDesignName>
<engineerTo>
<item key="08263C5D-3E34-0EC3-C5FB-942E2EA00B5D" value="true"/>
</engineerTo>
<useDomainConstraints>false</useDomainConstraints>
<use>1</use>
<logicalDatatype>LOGDT019</logicalDatatype>
<ownDataTypeParameters>,,</ownDataTypeParameters>
</Attribute>
</attributes>
<identifiers itemClass="oracle.dbtools.crest.model.design.logical.CandidateKey">
<identifier id="7B8CF894-4482-BE27-E22C-CE1FD7C20583" name="GASTOS PK">
<createdBy>sergi</createdBy>
<createdTime>2018-11-23 16:41:37 UTC</createdTime>
<ownerDesignName>Trabajo final</ownerDesignName>
<shouldEngineer>false</shouldEngineer>
<engineerTo>
<item key="08263C5D-3E34-0EC3-C5FB-942E2EA00B5D" value="false"/>
</engineerTo>
<pk>true</pk>
<usedAttributes>
<attributeRef>526BBBE3-0CD1-1251-ACA7-87A8D1F281D6</attributeRef>
<attributeRef>35FB5040-2A0B-8A9E-3962-F21666BAF452</attributeRef>
<attributeRef>568894FA-D827-2E69-8A12-B9C268D0D618</attributeRef>
</usedAttributes>
</identifier>
</identifiers>
</Entity>