<?xml version = '1.0' encoding = 'UTF-8'?>
<Entity class="oracle.dbtools.crest.model.design.logical.Entity" directorySegmentName="seg_0" id="8BD891E7-B3CC-5EFF-B0C6-CF9D55559012" name="BENEFICIARIO">
<createdBy>sergi</createdBy>
<createdTime>2018-11-23 15:23:51 UTC</createdTime>
<ownerDesignName>proyecto acoes</ownerDesignName>
<engineerTo>
<item key="08263C5D-3E34-0EC3-C5FB-942E2EA00B5D" value="true"/>
</engineerTo>
<adequatelyNormalized>NO</adequatelyNormalized>
<expectedVolumes>0</expectedVolumes>
<fwdEngineeringStrategyName>Single Table</fwdEngineeringStrategyName>
<growthPercent>0</growthPercent>
<growthType>Year</growthType>
<maxVolumes>9999999</maxVolumes>
<minVolumes>0</minVolumes>
<normalForm>Third</normalForm>
<attributes itemClass="oracle.dbtools.crest.model.design.logical.Attribute">
<Attribute name="codigo" id="D912413A-3F10-BF40-F564-72EB5B4BA64B">
<createdBy>sergi</createdBy>
<createdTime>2018-11-23 15:25:09 UTC</createdTime>
<ownerDesignName>proyecto acoes</ownerDesignName>
<engineerTo>
<item key="08263C5D-3E34-0EC3-C5FB-942E2EA00B5D" value="true"/>
</engineerTo>
<useDomainConstraints>false</useDomainConstraints>
<use>1</use>
<logicalDatatype>LOGDT019</logicalDatatype>
<ownDataTypeParameters>,,</ownDataTypeParameters>
</Attribute>
<Attribute name="nombre" id="576173B3-E9F6-154A-0ECB-E10E1741E3BE">
<createdBy>sergi</createdBy>
<createdTime>2018-11-23 15:25:09 UTC</createdTime>
<ownerDesignName>proyecto acoes</ownerDesignName>
<engineerTo>
<item key="08263C5D-3E34-0EC3-C5FB-942E2EA00B5D" value="true"/>
</engineerTo>
<useDomainConstraints>false</useDomainConstraints>
<use>1</use>
<logicalDatatype>LOGDT024</logicalDatatype>
<dataTypeSize>50</dataTypeSize>
<ownDataTypeParameters>50,,</ownDataTypeParameters>
</Attribute>
<Attribute name="apellidos" id="2980415C-ECEC-30B1-3C07-5175AF7B265E">
<createdBy>sergi</createdBy>
<createdTime>2018-11-23 15:25:10 UTC</createdTime>
<ownerDesignName>proyecto acoes</ownerDesignName>
<engineerTo>
<item key="08263C5D-3E34-0EC3-C5FB-942E2EA00B5D" value="true"/>
</engineerTo>
<useDomainConstraints>false</useDomainConstraints>
<use>1</use>
<logicalDatatype>LOGDT024</logicalDatatype>
<dataTypeSize>50</dataTypeSize>
<ownDataTypeParameters>50,,</ownDataTypeParameters>
</Attribute>
<Attribute name="DNI" id="F102C5FE-C472-16CB-8069-608833A7DC43">
<createdBy>sergi</createdBy>
<createdTime>2018-11-23 15:25:11 UTC</createdTime>
<ownerDesignName>proyecto acoes</ownerDesignName>
<engineerTo>
<item key="08263C5D-3E34-0EC3-C5FB-942E2EA00B5D" value="true"/>
</engineerTo>
<useDomainConstraints>false</useDomainConstraints>
<use>1</use>
<logicalDatatype>LOGDT019</logicalDatatype>
<dataTypePrecision>50</dataTypePrecision>
<ownDataTypeParameters>,50,</ownDataTypeParameters>
</Attribute>
<Attribute name="fecha_nacimiento" id="9A6C83D8-E8CE-6AC2-2C02-AA53375B2839">
<createdBy>sergi</createdBy>
<createdTime>2018-11-23 15:25:11 UTC</createdTime>
<ownerDesignName>proyecto acoes</ownerDesignName>
<engineerTo>
<item key="08263C5D-3E34-0EC3-C5FB-942E2EA00B5D" value="true"/>
</engineerTo>
<useDomainConstraints>false</useDomainConstraints>
<use>1</use>
<logicalDatatype>LOGDT024</logicalDatatype>
<dataTypeSize>50</dataTypeSize>
<ownDataTypeParameters>50,,</ownDataTypeParameters>
</Attribute>
<Attribute name="nombre_responsable" id="AC904D89-FEB1-E266-162A-BF71DA75B78D">
<createdBy>sergi</createdBy>
<createdTime>2018-11-23 15:25:14 UTC</createdTime>
<ownerDesignName>proyecto acoes</ownerDesignName>
<engineerTo>
<item key="08263C5D-3E34-0EC3-C5FB-942E2EA00B5D" value="true"/>
</engineerTo>
<useDomainConstraints>false</useDomainConstraints>
<use>1</use>
<logicalDatatype>LOGDT024</logicalDatatype>
<dataTypeSize>50</dataTypeSize>
<ownDataTypeParameters>50,,</ownDataTypeParameters>
</Attribute>
<Attribute name="tipo_beneficiario" id="1F77A5ED-AF7A-7F02-87EA-862FF27BCF28">
<createdBy>sergi</createdBy>
<createdTime>2018-11-23 15:28:06 UTC</createdTime>
<ownerDesignName>proyecto acoes</ownerDesignName>
<engineerTo>
<item key="08263C5D-3E34-0EC3-C5FB-942E2EA00B5D" value="true"/>
</engineerTo>
<useDomainConstraints>false</useDomainConstraints>
<use>1</use>
<logicalDatatype>LOGDT024</logicalDatatype>
<dataTypeSize>50</dataTypeSize>
<ownDataTypeParameters>50,,</ownDataTypeParameters>
</Attribute>
<Attribute name="numero_cuenta" id="1ECD53AE-EC8C-D680-0A5D-B7A5B7424B9A">
<createdBy>sergi</createdBy>
<createdTime>2018-11-23 15:28:29 UTC</createdTime>
<ownerDesignName>proyecto acoes</ownerDesignName>
<engineerTo>
<item key="08263C5D-3E34-0EC3-C5FB-942E2EA00B5D" value="true"/>
</engineerTo>
<useDomainConstraints>false</useDomainConstraints>
<use>1</use>
<logicalDatatype>LOGDT019</logicalDatatype>
<dataTypePrecision>50</dataTypePrecision>
<ownDataTypeParameters>,50,</ownDataTypeParameters>
</Attribute>
<Attribute name="observaciones" id="4E5CC1C5-9EFE-8E8A-6D5E-6302F08F5FBE">
<createdBy>sergi</createdBy>
<createdTime>2018-11-23 15:28:30 UTC</createdTime>
<ownerDesignName>proyecto acoes</ownerDesignName>
<engineerTo>
<item key="08263C5D-3E34-0EC3-C5FB-942E2EA00B5D" value="true"/>
</engineerTo>
<nullsAllowed>true</nullsAllowed>
<useDomainConstraints>false</useDomainConstraints>
<use>1</use>
<logicalDatatype>LOGDT024</logicalDatatype>
<dataTypeSize>50</dataTypeSize>
<ownDataTypeParameters>50,,</ownDataTypeParameters>
</Attribute>
<Attribute name="foto" id="A92DA2C6-6F7D-21D7-260A-496B8FC120DF">
<createdBy>sergi</createdBy>
<createdTime>2018-11-23 15:28:31 UTC</createdTime>
<ownerDesignName>proyecto acoes</ownerDesignName>
<engineerTo>
<item key="08263C5D-3E34-0EC3-C5FB-942E2EA00B5D" value="true"/>
</engineerTo>
<nullsAllowed>true</nullsAllowed>
<useDomainConstraints>false</useDomainConstraints>
<use>1</use>
<logicalDatatype>LOGDT010</logicalDatatype>
<ownDataTypeParameters>,,</ownDataTypeParameters>
</Attribute>
<Attribute name="fecha_entrada_ACOES" id="8387F42B-8AFF-C0EA-FDBD-656374FE501B">
<createdBy>sergi</createdBy>
<createdTime>2018-11-23 15:28:31 UTC</createdTime>
<ownerDesignName>proyecto acoes</ownerDesignName>
<engineerTo>
<item key="08263C5D-3E34-0EC3-C5FB-942E2EA00B5D" value="true"/>
</engineerTo>
<useDomainConstraints>false</useDomainConstraints>
<use>1</use>
<logicalDatatype>LOGDT007</logicalDatatype>
<ownDataTypeParameters>,,</ownDataTypeParameters>
</Attribute>
<Attribute name="curso_grado" id="DB0C9246-0403-DDB7-C29E-E0ECD8C344A8">
<createdBy>sergi</createdBy>
<createdTime>2018-11-23 15:29:26 UTC</createdTime>
<ownerDesignName>proyecto acoes</ownerDesignName>
<engineerTo>
<item key="08263C5D-3E34-0EC3-C5FB-942E2EA00B5D" value="true"/>
</engineerTo>
<nullsAllowed>true</nullsAllowed>
<useDomainConstraints>false</useDomainConstraints>
<use>1</use>
<logicalDatatype>LOGDT019</logicalDatatype>
<ownDataTypeParameters>,,</ownDataTypeParameters>
</Attribute>
<Attribute name="sexo" id="4140BE44-3027-D94D-373B-794B7DA2EF71">
<createdBy>sergi</createdBy>
<createdTime>2018-11-23 15:29:27 UTC</createdTime>
<ownerDesignName>proyecto acoes</ownerDesignName>
<engineerTo>
<item key="08263C5D-3E34-0EC3-C5FB-942E2EA00B5D" value="true"/>
</engineerTo>
<useDomainConstraints>false</useDomainConstraints>
<use>1</use>
<logicalDatatype>LOGDT024</logicalDatatype>
<ownDataTypeParameters>,,</ownDataTypeParameters>
</Attribute>
<Attribute name="comunidad_procedencia" id="3DAFC851-D5FA-0454-45C0-AA10FC3D727A">
<createdBy>sergi</createdBy>
<createdTime>2018-11-23 15:31:18 UTC</createdTime>
<ownerDesignName>proyecto acoes</ownerDesignName>
<engineerTo>
<item key="08263C5D-3E34-0EC3-C5FB-942E2EA00B5D" value="true"/>
</engineerTo>
<useDomainConstraints>false</useDomainConstraints>
<use>1</use>
<logicalDatatype>LOGDT024</logicalDatatype>
<dataTypeSize>50</dataTypeSize>
<ownDataTypeParameters>50,,</ownDataTypeParameters>
</Attribute>
</attributes>
<identifiers itemClass="oracle.dbtools.crest.model.design.logical.CandidateKey">
<identifier id="15A4BC46-596F-FC69-7378-0B0F3B302C2C" name="BENEFICIARIO PK">
<createdBy>sergi</createdBy>
<createdTime>2018-11-23 16:44:13 UTC</createdTime>
<ownerDesignName>proyecto acoes</ownerDesignName>
<shouldEngineer>false</shouldEngineer>
<engineerTo>
<item key="08263C5D-3E34-0EC3-C5FB-942E2EA00B5D" value="false"/>
</engineerTo>
<pk>true</pk>
<usedAttributes>
<attributeRef>D912413A-3F10-BF40-F564-72EB5B4BA64B</attributeRef>
</usedAttributes>
</identifier>
</identifiers>
</Entity>