<?xml version = '1.0' encoding = 'UTF-8'?>
<Entity class="oracle.dbtools.crest.model.design.logical.Entity" directorySegmentName="seg_0" id="A5C2C158-E656-F827-9CC9-C2B9468E21DE" name="PROYECTO">
<createdBy>sergi</createdBy>
<createdTime>2018-11-23 15:32:40 UTC</createdTime>
<ownerDesignName>Trabajo final</ownerDesignName>
<engineerTo>
<item key="08263C5D-3E34-0EC3-C5FB-942E2EA00B5D" value="true"/>
</engineerTo>
<adequatelyNormalized>NO</adequatelyNormalized>
<expectedVolumes>0</expectedVolumes>
<fwdEngineeringStrategyName>Single Table</fwdEngineeringStrategyName>
<growthPercent>0</growthPercent>
<growthType>Year</growthType>
<maxVolumes>9999999</maxVolumes>
<minVolumes>0</minVolumes>
<normalForm>Third</normalForm>
<attributes itemClass="oracle.dbtools.crest.model.design.logical.Attribute">
<Attribute name="codigo" id="AE82C08C-E0BE-7924-BC69-12B571CBEDB7">
<createdBy>sergi</createdBy>
<createdTime>2018-11-23 15:33:07 UTC</createdTime>
<ownerDesignName>Trabajo final</ownerDesignName>
<engineerTo>
<item key="08263C5D-3E34-0EC3-C5FB-942E2EA00B5D" value="true"/>
</engineerTo>
<useDomainConstraints>false</useDomainConstraints>
<use>1</use>
<logicalDatatype>LOGDT019</logicalDatatype>
<ownDataTypeParameters>,,</ownDataTypeParameters>
</Attribute>
<Attribute name="nombre" id="79A2C1F3-077D-E9CB-DE1F-76AFACFBFBD5">
<createdBy>sergi</createdBy>
<createdTime>2018-11-23 15:33:07 UTC</createdTime>
<ownerDesignName>Trabajo final</ownerDesignName>
<engineerTo>
<item key="08263C5D-3E34-0EC3-C5FB-942E2EA00B5D" value="true"/>
</engineerTo>
<useDomainConstraints>false</useDomainConstraints>
<use>1</use>
<logicalDatatype>LOGDT024</logicalDatatype>
<dataTypeSize>50</dataTypeSize>
<ownDataTypeParameters>50,,</ownDataTypeParameters>
</Attribute>
<Attribute name="porcentaje_combustible" id="EB62128B-391F-F61C-4CD4-3FFC00B5989D">
<createdBy>sergi</createdBy>
<createdTime>2018-11-23 15:33:07 UTC</createdTime>
<ownerDesignName>Trabajo final</ownerDesignName>
<engineerTo>
<item key="08263C5D-3E34-0EC3-C5FB-942E2EA00B5D" value="true"/>
</engineerTo>
<useDomainConstraints>false</useDomainConstraints>
<use>1</use>
<logicalDatatype>LOGDT019</logicalDatatype>
<ownDataTypeParameters>,,</ownDataTypeParameters>
</Attribute>
<Attribute name="porcentaje_mantenimiento" id="FCDB43CB-D591-4800-E23A-CE92BD6DCB54">
<createdBy>sergi</createdBy>
<createdTime>2018-11-23 15:33:08 UTC</createdTime>
<ownerDesignName>Trabajo final</ownerDesignName>
<engineerTo>
<item key="08263C5D-3E34-0EC3-C5FB-942E2EA00B5D" value="true"/>
</engineerTo>
<useDomainConstraints>false</useDomainConstraints>
<use>1</use>
<logicalDatatype>LOGDT019</logicalDatatype>
<ownDataTypeParameters>,,</ownDataTypeParameters>
</Attribute>
<Attribute name="porcentaje_contenedores" id="096CB687-D979-BAE3-03A9-1846F7C5303A">
<createdBy>sergi</createdBy>
<createdTime>2018-11-23 15:34:11 UTC</createdTime>
<ownerDesignName>Trabajo final</ownerDesignName>
<engineerTo>
<item key="08263C5D-3E34-0EC3-C5FB-942E2EA00B5D" value="true"/>
</engineerTo>
<useDomainConstraints>false</useDomainConstraints>
<use>1</use>
<logicalDatatype>LOGDT019</logicalDatatype>
<ownDataTypeParameters>,,</ownDataTypeParameters>
</Attribute>
<Attribute name="fecha_inicio" id="1309D8DC-0091-DE8C-1384-BC4D43EF6EDB">
<createdBy>sergi</createdBy>
<createdTime>2018-11-23 15:34:40 UTC</createdTime>
<ownerDesignName>Trabajo final</ownerDesignName>
<engineerTo>
<item key="08263C5D-3E34-0EC3-C5FB-942E2EA00B5D" value="true"/>
</engineerTo>
<useDomainConstraints>false</useDomainConstraints>
<use>1</use>
<logicalDatatype>LOGDT007</logicalDatatype>
<ownDataTypeParameters>,,</ownDataTypeParameters>
</Attribute>
<Attribute name="fecha_fin" id="1FB726E7-641A-D45A-D389-9D49E3A12E15">
<createdBy>sergi</createdBy>
<createdTime>2018-11-23 15:34:53 UTC</createdTime>
<ownerDesignName>Trabajo final</ownerDesignName>
<engineerTo>
<item key="08263C5D-3E34-0EC3-C5FB-942E2EA00B5D" value="true"/>
</engineerTo>
<nullsAllowed>true</nullsAllowed>
<useDomainConstraints>false</useDomainConstraints>
<use>1</use>
<logicalDatatype>LOGDT007</logicalDatatype>
<ownDataTypeParameters>,,</ownDataTypeParameters>
</Attribute>
<Attribute name="descripción" id="667B865B-FD77-F559-A5EC-1C00D788DC84">
<createdBy>sergi</createdBy>
<createdTime>2018-11-23 15:35:02 UTC</createdTime>
<ownerDesignName>Trabajo final</ownerDesignName>
<engineerTo>
<item key="08263C5D-3E34-0EC3-C5FB-942E2EA00B5D" value="true"/>
</engineerTo>
<useDomainConstraints>false</useDomainConstraints>
<use>1</use>
<logicalDatatype>LOGDT024</logicalDatatype>
<dataTypeSize>700</dataTypeSize>
<ownDataTypeParameters>700,,</ownDataTypeParameters>
</Attribute>
</attributes>
<identifiers itemClass="oracle.dbtools.crest.model.design.logical.CandidateKey">
<identifier id="ACD9420F-9EDE-D11A-640A-C2DF5FCC4F29" name="PROYECTO PK">
<createdBy>sergi</createdBy>
<createdTime>2018-11-23 15:33:23 UTC</createdTime>
<ownerDesignName>Trabajo final</ownerDesignName>
<shouldEngineer>false</shouldEngineer>
<engineerTo>
<item key="08263C5D-3E34-0EC3-C5FB-942E2EA00B5D" value="false"/>
</engineerTo>
<pk>true</pk>
<usedAttributes>
<attributeRef>AE82C08C-E0BE-7924-BC69-12B571CBEDB7</attributeRef>
</usedAttributes>
</identifier>
</identifiers>
</Entity>