<?xml version = '1.0' encoding = 'UTF-8'?>
<Entity class="oracle.dbtools.crest.model.design.logical.Entity" directorySegmentName="seg_0" id="A88534E2-9A97-7F27-CA14-68606A50F4D8" name="POPULORUM">
<createdBy>sergi</createdBy>
<createdTime>2018-11-23 16:18:16 UTC</createdTime>
<ownerDesignName>Trabajo final</ownerDesignName>
<engineerTo>
<item key="08263C5D-3E34-0EC3-C5FB-942E2EA00B5D" value="true"/>
</engineerTo>
<adequatelyNormalized>NO</adequatelyNormalized>
<expectedVolumes>0</expectedVolumes>
<fwdEngineeringStrategyName>Single Table</fwdEngineeringStrategyName>
<growthPercent>0</growthPercent>
<growthType>Year</growthType>
<maxVolumes>9999999</maxVolumes>
<minVolumes>0</minVolumes>
<normalForm>Third</normalForm>
<attributes itemClass="oracle.dbtools.crest.model.design.logical.Attribute">
<Attribute name="numero_habitaciones" id="8646DF01-767A-9756-77AA-1F341CCB3437">
<createdBy>sergi</createdBy>
<createdTime>2018-11-23 16:18:35 UTC</createdTime>
<ownerDesignName>Trabajo final</ownerDesignName>
<engineerTo>
<item key="08263C5D-3E34-0EC3-C5FB-942E2EA00B5D" value="true"/>
</engineerTo>
<useDomainConstraints>false</useDomainConstraints>
<use>1</use>
<logicalDatatype>LOGDT019</logicalDatatype>
<ownDataTypeParameters>,,</ownDataTypeParameters>
</Attribute>
<Attribute name="tareas" id="2F69812D-7C68-E0C9-A7D8-350A72922340">
<createdBy>sergi</createdBy>
<createdTime>2018-11-23 16:18:35 UTC</createdTime>
<ownerDesignName>Trabajo final</ownerDesignName>
<engineerTo>
<item key="08263C5D-3E34-0EC3-C5FB-942E2EA00B5D" value="true"/>
</engineerTo>
<useDomainConstraints>false</useDomainConstraints>
<use>1</use>
<logicalDatatype>LOGDT024</logicalDatatype>
<ownDataTypeParameters>,,</ownDataTypeParameters>
</Attribute>
<Attribute name="aforo" id="C719BE47-98A7-D0C4-60FC-D5408C8D5CF7">
<createdBy>sergi</createdBy>
<createdTime>2018-11-23 16:18:36 UTC</createdTime>
<ownerDesignName>Trabajo final</ownerDesignName>
<engineerTo>
<item key="08263C5D-3E34-0EC3-C5FB-942E2EA00B5D" value="true"/>
</engineerTo>
<useDomainConstraints>false</useDomainConstraints>
<use>1</use>
<logicalDatatype>LOGDT019</logicalDatatype>
<ownDataTypeParameters>,,</ownDataTypeParameters>
</Attribute>
<Attribute name="codigo" id="50A950F8-AB73-A215-6BD2-784D01E1D236">
<createdBy>sergi</createdBy>
<createdTime>2018-11-23 16:25:41 UTC</createdTime>
<ownerDesignName>Trabajo final</ownerDesignName>
<engineerTo>
<item key="08263C5D-3E34-0EC3-C5FB-942E2EA00B5D" value="true"/>
</engineerTo>
<useDomainConstraints>false</useDomainConstraints>
<use>1</use>
<logicalDatatype>LOGDT019</logicalDatatype>
<ownDataTypeParameters>,,</ownDataTypeParameters>
</Attribute>
<Attribute name="nombre" id="BE092B39-4EC1-6C39-4C10-F61B0AFF5B7E">
<createdBy>sergi</createdBy>
<createdTime>2018-11-23 16:25:41 UTC</createdTime>
<ownerDesignName>Trabajo final</ownerDesignName>
<engineerTo>
<item key="08263C5D-3E34-0EC3-C5FB-942E2EA00B5D" value="true"/>
</engineerTo>
<useDomainConstraints>false</useDomainConstraints>
<use>1</use>
<logicalDatatype>LOGDT024</logicalDatatype>
<dataTypeSize>50</dataTypeSize>
<ownDataTypeParameters>50,,</ownDataTypeParameters>
</Attribute>
<Attribute name="direccion" id="E4DBB9FC-701C-12E9-FE0E-CC6E546A2D66">
<createdBy>sergi</createdBy>
<createdTime>2018-11-23 16:25:41 UTC</createdTime>
<ownerDesignName>Trabajo final</ownerDesignName>
<engineerTo>
<item key="08263C5D-3E34-0EC3-C5FB-942E2EA00B5D" value="true"/>
</engineerTo>
<useDomainConstraints>false</useDomainConstraints>
<use>1</use>
<logicalDatatype>LOGDT024</logicalDatatype>
<dataTypeSize>50</dataTypeSize>
<ownDataTypeParameters>50,,</ownDataTypeParameters>
</Attribute>
<Attribute name="telefono" id="2EC6A53D-0CD5-C893-247C-4382C7447C41">
<createdBy>sergi</createdBy>
<createdTime>2018-11-23 16:25:41 UTC</createdTime>
<ownerDesignName>Trabajo final</ownerDesignName>
<engineerTo>
<item key="08263C5D-3E34-0EC3-C5FB-942E2EA00B5D" value="true"/>
</engineerTo>
<useDomainConstraints>false</useDomainConstraints>
<use>1</use>
<logicalDatatype>LOGDT019</logicalDatatype>
<ownDataTypeParameters>,,</ownDataTypeParameters>
</Attribute>
<Attribute name="correo" id="35EA3DEF-B217-F8BE-CF4B-DA92FC7E07F5">
<createdBy>sergi</createdBy>
<createdTime>2018-11-23 16:25:41 UTC</createdTime>
<ownerDesignName>Trabajo final</ownerDesignName>
<engineerTo>
<item key="08263C5D-3E34-0EC3-C5FB-942E2EA00B5D" value="true"/>
</engineerTo>
<useDomainConstraints>false</useDomainConstraints>
<use>1</use>
<logicalDatatype>LOGDT024</logicalDatatype>
<dataTypeSize>50</dataTypeSize>
<ownDataTypeParameters>50,,</ownDataTypeParameters>
</Attribute>
<Attribute name="codigo_postal" id="D4DD471B-D7FE-39DD-E77F-139063879E41">
<createdBy>sergi</createdBy>
<createdTime>2018-11-23 16:25:41 UTC</createdTime>
<ownerDesignName>Trabajo final</ownerDesignName>
<engineerTo>
<item key="08263C5D-3E34-0EC3-C5FB-942E2EA00B5D" value="true"/>
</engineerTo>
<useDomainConstraints>false</useDomainConstraints>
<use>1</use>
<logicalDatatype>LOGDT024</logicalDatatype>
<dataTypeSize>50</dataTypeSize>
<ownDataTypeParameters>50,,</ownDataTypeParameters>
</Attribute>
<Attribute name="municipio" id="DD4FFCAC-8720-4503-ADFC-E413E3F7E177">
<createdBy>sergi</createdBy>
<createdTime>2018-11-23 16:25:41 UTC</createdTime>
<ownerDesignName>Trabajo final</ownerDesignName>
<engineerTo>
<item key="08263C5D-3E34-0EC3-C5FB-942E2EA00B5D" value="true"/>
</engineerTo>
<useDomainConstraints>false</useDomainConstraints>
<use>1</use>
<logicalDatatype>LOGDT024</logicalDatatype>
<dataTypeSize>50</dataTypeSize>
<ownDataTypeParameters>50,,</ownDataTypeParameters>
</Attribute>
<Attribute name="provincia" id="909BAF43-3BA1-713A-E815-F771CEDEAC55">
<createdBy>sergi</createdBy>
<createdTime>2018-11-23 16:25:41 UTC</createdTime>
<ownerDesignName>Trabajo final</ownerDesignName>
<engineerTo>
<item key="08263C5D-3E34-0EC3-C5FB-942E2EA00B5D" value="true"/>
</engineerTo>
<useDomainConstraints>false</useDomainConstraints>
<use>1</use>
<logicalDatatype>LOGDT024</logicalDatatype>
<dataTypeSize>50</dataTypeSize>
<ownDataTypeParameters>50,,</ownDataTypeParameters>
</Attribute>
<Attribute name="capacidad " id="69559FA7-BE92-1EC8-7769-8D2D8E6596A0">
<createdBy>sergi</createdBy>
<createdTime>2018-11-23 16:25:41 UTC</createdTime>
<ownerDesignName>Trabajo final</ownerDesignName>
<engineerTo>
<item key="08263C5D-3E34-0EC3-C5FB-942E2EA00B5D" value="true"/>
</engineerTo>
<useDomainConstraints>false</useDomainConstraints>
<use>1</use>
<logicalDatatype>LOGDT019</logicalDatatype>
<ownDataTypeParameters>,,</ownDataTypeParameters>
</Attribute>
<Attribute name="responsable" id="8C614429-767D-9335-CED1-409A17D01B16">
<createdBy>sergi</createdBy>
<createdTime>2018-11-23 16:25:52 UTC</createdTime>
<ownerDesignName>Trabajo final</ownerDesignName>
<engineerTo>
<item key="08263C5D-3E34-0EC3-C5FB-942E2EA00B5D" value="true"/>
</engineerTo>
<useDomainConstraints>false</useDomainConstraints>
<use>1</use>
<logicalDatatype>LOGDT024</logicalDatatype>
<dataTypeSize>50</dataTypeSize>
<ownDataTypeParameters>50,,</ownDataTypeParameters>
</Attribute>
<Attribute name="codigo1" id="D6222078-33C9-7B88-1DCB-C928B3072AA8">
<createdBy>sergi</createdBy>
<createdTime>2018-11-23 16:52:31 UTC</createdTime>
<generatorID>29EE4FB5-E3DC-3978-E256-A6DF34973118</generatorID>
<ownerDesignName>Trabajo final</ownerDesignName>
<engineerTo>
<item key="08263C5D-3E34-0EC3-C5FB-942E2EA00B5D" value="true"/>
</engineerTo>
<nullsAllowed>true</nullsAllowed>
<referedAttribute>AE82C08C-E0BE-7924-BC69-12B571CBEDB7</referedAttribute>
<useDomainConstraints>false</useDomainConstraints>
<use>1</use>
<logicalDatatype>LOGDT019</logicalDatatype>
<ownDataTypeParameters>,,</ownDataTypeParameters>
</Attribute>
</attributes>
<identifiers itemClass="oracle.dbtools.crest.model.design.logical.CandidateKey">
<identifier id="8EAC5431-8C99-F687-6D54-3D3CB3398A9B" name="POPULORUM PK">
<createdBy>sergi</createdBy>
<createdTime>2018-11-23 17:01:24 UTC</createdTime>
<ownerDesignName>Trabajo final</ownerDesignName>
<shouldEngineer>false</shouldEngineer>
<engineerTo>
<item key="08263C5D-3E34-0EC3-C5FB-942E2EA00B5D" value="false"/>
</engineerTo>
<pk>true</pk>
<usedAttributes>
<attributeRef>50A950F8-AB73-A215-6BD2-784D01E1D236</attributeRef>
</usedAttributes>
</identifier>
</identifiers>
</Entity>