<?xml version = '1.0' encoding = 'UTF-8'?>
<Entity class="oracle.dbtools.crest.model.design.logical.Entity" directorySegmentName="seg_0" id="BCCF35AC-B40B-FDD7-B29D-24DDCEFA09BF" name="INGRESOS">
<createdBy>sergi</createdBy>
<createdTime>2018-11-23 15:47:57 UTC</createdTime>
<ownerDesignName>proyecto acoes</ownerDesignName>
<engineerTo>
<item key="08263C5D-3E34-0EC3-C5FB-942E2EA00B5D" value="true"/>
</engineerTo>
<adequatelyNormalized>NO</adequatelyNormalized>
<expectedVolumes>0</expectedVolumes>
<fwdEngineeringStrategyName>Single Table</fwdEngineeringStrategyName>
<growthPercent>0</growthPercent>
<growthType>Year</growthType>
<maxVolumes>9999999</maxVolumes>
<minVolumes>0</minVolumes>
<normalForm>Third</normalForm>
<attributes itemClass="oracle.dbtools.crest.model.design.logical.Attribute">
<Attribute name="fecha" id="3C9B9A2F-43CA-C270-8790-6AE6CDCCDE2A">
<createdBy>sergi</createdBy>
<createdTime>2018-11-23 15:48:08 UTC</createdTime>
<ownerDesignName>proyecto acoes</ownerDesignName>
<engineerTo>
<item key="08263C5D-3E34-0EC3-C5FB-942E2EA00B5D" value="true"/>
</engineerTo>
<useDomainConstraints>false</useDomainConstraints>
<use>1</use>
<logicalDatatype>LOGDT007</logicalDatatype>
<ownDataTypeParameters>,,</ownDataTypeParameters>
</Attribute>
<Attribute name="descripcion" id="F2247F0A-0D94-BC88-E4C5-4A6D015C0102">
<createdBy>sergi</createdBy>
<createdTime>2018-11-23 15:48:09 UTC</createdTime>
<ownerDesignName>proyecto acoes</ownerDesignName>
<engineerTo>
<item key="08263C5D-3E34-0EC3-C5FB-942E2EA00B5D" value="true"/>
</engineerTo>
<useDomainConstraints>false</useDomainConstraints>
<use>1</use>
<logicalDatatype>LOGDT024</logicalDatatype>
<dataTypeSize>50</dataTypeSize>
<ownDataTypeParameters>50,,</ownDataTypeParameters>
</Attribute>
<Attribute name="ingresos_€" id="252740FB-6A2D-5E83-9BDE-E5E6DC3E30B7">
<createdBy>sergi</createdBy>
<createdTime>2018-11-23 15:48:09 UTC</createdTime>
<ownerDesignName>proyecto acoes</ownerDesignName>
<engineerTo>
<item key="08263C5D-3E34-0EC3-C5FB-942E2EA00B5D" value="true"/>
</engineerTo>
<useDomainConstraints>false</useDomainConstraints>
<use>1</use>
<logicalDatatype>LOGDT019</logicalDatatype>
<ownDataTypeParameters>,,</ownDataTypeParameters>
</Attribute>
<Attribute name="ingresos_L" id="0F575EAC-8768-09EB-0B3D-397291B76E38">
<createdBy>sergi</createdBy>
<createdTime>2018-11-23 15:48:09 UTC</createdTime>
<ownerDesignName>proyecto acoes</ownerDesignName>
<engineerTo>
<item key="08263C5D-3E34-0EC3-C5FB-942E2EA00B5D" value="true"/>
</engineerTo>
<useDomainConstraints>false</useDomainConstraints>
<use>1</use>
<logicalDatatype>LOGDT019</logicalDatatype>
<ownDataTypeParameters>,,</ownDataTypeParameters>
</Attribute>
<Attribute name="egresos_€" id="C7662204-1DAD-5325-005B-FE4DD10789C6">
<createdBy>sergi</createdBy>
<createdTime>2018-11-23 15:48:26 UTC</createdTime>
<ownerDesignName>proyecto acoes</ownerDesignName>
<engineerTo>
<item key="08263C5D-3E34-0EC3-C5FB-942E2EA00B5D" value="true"/>
</engineerTo>
<useDomainConstraints>false</useDomainConstraints>
<use>1</use>
<logicalDatatype>LOGDT019</logicalDatatype>
<ownDataTypeParameters>,,</ownDataTypeParameters>
</Attribute>
<Attribute name="egresos_L" id="D98C6529-9882-3957-3BE1-6218ABF98707">
<createdBy>sergi</createdBy>
<createdTime>2018-11-23 15:49:25 UTC</createdTime>
<ownerDesignName>proyecto acoes</ownerDesignName>
<engineerTo>
<item key="08263C5D-3E34-0EC3-C5FB-942E2EA00B5D" value="true"/>
</engineerTo>
<useDomainConstraints>false</useDomainConstraints>
<use>1</use>
<logicalDatatype>LOGDT019</logicalDatatype>
<ownDataTypeParameters>,,</ownDataTypeParameters>
</Attribute>
<Attribute name="total_L" id="CDF514BC-9BCA-2410-C0CA-7F8312A08524">
<createdBy>sergi</createdBy>
<createdTime>2018-11-23 15:49:32 UTC</createdTime>
<ownerDesignName>proyecto acoes</ownerDesignName>
<engineerTo>
<item key="08263C5D-3E34-0EC3-C5FB-942E2EA00B5D" value="true"/>
</engineerTo>
<useDomainConstraints>false</useDomainConstraints>
<use>1</use>
<logicalDatatype>LOGDT019</logicalDatatype>
<ownDataTypeParameters>,,</ownDataTypeParameters>
</Attribute>
<Attribute name="codigo" id="6E489498-10DC-6E05-433A-20C66C1C16CD">
<createdBy>sergi</createdBy>
<createdTime>2018-11-23 16:51:01 UTC</createdTime>
<generatorID>10217543-1311-5874-57E3-006FD27C99A8</generatorID>
<ownerDesignName>proyecto acoes</ownerDesignName>
<engineerTo>
<item key="08263C5D-3E34-0EC3-C5FB-942E2EA00B5D" value="true"/>
</engineerTo>
<referedAttribute>17F5B4F1-FF0F-46A4-2961-C59FE2C1CE76</referedAttribute>
<useDomainConstraints>false</useDomainConstraints>
<use>1</use>
<logicalDatatype>LOGDT019</logicalDatatype>
<ownDataTypeParameters>,,</ownDataTypeParameters>
</Attribute>
<Attribute name="codigo1" id="C849B544-B5B5-E814-B4A1-2CA2DB473893">
<createdBy>sergi</createdBy>
<createdTime>2018-11-23 16:51:09 UTC</createdTime>
<generatorID>105D89EB-B8AA-D59B-DBA4-A5BCAA36FF84</generatorID>
<ownerDesignName>proyecto acoes</ownerDesignName>
<engineerTo>
<item key="08263C5D-3E34-0EC3-C5FB-942E2EA00B5D" value="true"/>
</engineerTo>
<referedAttribute>AE82C08C-E0BE-7924-BC69-12B571CBEDB7</referedAttribute>
<useDomainConstraints>false</useDomainConstraints>
<use>1</use>
<logicalDatatype>LOGDT019</logicalDatatype>
<ownDataTypeParameters>,,</ownDataTypeParameters>
</Attribute>
<Attribute name="codigoIngreso" id="CB2D5A24-7550-25B1-7D60-BAACF3C1EFDE">
<createdBy>sergi</createdBy>
<createdTime>2018-12-30 11:31:19 UTC</createdTime>
<ownerDesignName>proyecto acoes</ownerDesignName>
<engineerTo>
<item key="08263C5D-3E34-0EC3-C5FB-942E2EA00B5D" value="true"/>
</engineerTo>
<useDomainConstraints>false</useDomainConstraints>
<use>1</use>
<logicalDatatype>LOGDT019</logicalDatatype>
<ownDataTypeParameters>,,</ownDataTypeParameters>
</Attribute>
</attributes>
<identifiers itemClass="oracle.dbtools.crest.model.design.logical.CandidateKey">
<identifier id="77994F4B-0390-7AE9-C495-EA14ACA1D088" name="INGRESOS PK">
<createdBy>sergi</createdBy>
<createdTime>2018-11-23 16:50:04 UTC</createdTime>
<ownerDesignName>proyecto acoes</ownerDesignName>
<shouldEngineer>false</shouldEngineer>
<engineerTo>
<item key="08263C5D-3E34-0EC3-C5FB-942E2EA00B5D" value="false"/>
</engineerTo>
<pk>true</pk>
<usedAttributes>
<attributeRef>6E489498-10DC-6E05-433A-20C66C1C16CD</attributeRef>
<attributeRef>C849B544-B5B5-E814-B4A1-2CA2DB473893</attributeRef>
<attributeRef>CB2D5A24-7550-25B1-7D60-BAACF3C1EFDE</attributeRef>
</usedAttributes>
</identifier>
</identifiers>
</Entity>