<?xml version = '1.0' encoding = 'UTF-8'?>
<Entity class="oracle.dbtools.crest.model.design.logical.Entity" directorySegmentName="seg_0" id="C3304811-7C43-8E59-6C6D-8D21DE2256BF" name="EDUCACION_FORMACION">
<createdBy>sergi</createdBy>
<createdTime>2018-11-23 16:00:34 UTC</createdTime>
<ownerDesignName>Trabajo final</ownerDesignName>
<engineerTo>
<item key="08263C5D-3E34-0EC3-C5FB-942E2EA00B5D" value="true"/>
</engineerTo>
<adequatelyNormalized>NO</adequatelyNormalized>
<expectedVolumes>0</expectedVolumes>
<fwdEngineeringStrategyName>Single Table</fwdEngineeringStrategyName>
<growthPercent>0</growthPercent>
<growthType>Year</growthType>
<hierarchicalParent>EA3273D5-2E6D-6B58-19E2-5C7D96F361DF</hierarchicalParent>
<maxVolumes>9999999</maxVolumes>
<minVolumes>0</minVolumes>
<normalForm>Third</normalForm>
<attributes itemClass="oracle.dbtools.crest.model.design.logical.Attribute">
<Attribute name="tipo_centro_educativo" id="AB38CD87-345C-B91F-2DAB-7A87BD334ADE">
<createdBy>sergi</createdBy>
<createdTime>2018-11-23 16:00:51 UTC</createdTime>
<ownerDesignName>Trabajo final</ownerDesignName>
<engineerTo>
<item key="08263C5D-3E34-0EC3-C5FB-942E2EA00B5D" value="true"/>
</engineerTo>
<useDomainConstraints>false</useDomainConstraints>
<use>1</use>
<logicalDatatype>LOGDT024</logicalDatatype>
<dataTypeSize>50</dataTypeSize>
<ownDataTypeParameters>50,,</ownDataTypeParameters>
</Attribute>
<Attribute name="ratio" id="6E391F6D-AFC5-934C-5FD7-CD6EDD429329">
<createdBy>sergi</createdBy>
<createdTime>2018-11-23 16:00:55 UTC</createdTime>
<ownerDesignName>Trabajo final</ownerDesignName>
<engineerTo>
<item key="08263C5D-3E34-0EC3-C5FB-942E2EA00B5D" value="true"/>
</engineerTo>
<useDomainConstraints>false</useDomainConstraints>
<use>1</use>
<logicalDatatype>LOGDT019</logicalDatatype>
<ownDataTypeParameters>,,</ownDataTypeParameters>
</Attribute>
<Attribute name="curso" id="443E2655-3C9C-9701-FBCC-06946A75DF2D">
<createdBy>sergi</createdBy>
<createdTime>2018-11-23 16:01:02 UTC</createdTime>
<ownerDesignName>Trabajo final</ownerDesignName>
<engineerTo>
<item key="08263C5D-3E34-0EC3-C5FB-942E2EA00B5D" value="true"/>
</engineerTo>
<useDomainConstraints>false</useDomainConstraints>
<use>1</use>
<logicalDatatype>LOGDT019</logicalDatatype>
<ownDataTypeParameters>,,</ownDataTypeParameters>
</Attribute>
</attributes>
</Entity>