<?xml version = '1.0' encoding = 'UTF-8'?>
<Diagram class="oracle.dbtools.crest.swingui.relational.DPVRelational" name="Relational_1" id="84153445-2E72-5EEE-A20E-8FB5637EF23C">
<createdBy>sergi</createdBy>
<modifiedBy>sergi</modifiedBy>
<createdTime>2020-10-29 19:55:21 UTC</createdTime>
<autoRoute>false</autoRoute>
<boxInbox>true</boxInbox>
<showLegend>false</showLegend>
<showLabels>false</showLabels>
<showRelAttributes>false</showRelAttributes>
<gridEnabled>false</gridEnabled>
<showGrid>false</showGrid>
<diagramColor>-1</diagramColor>
<display>false</display>
<notation>1</notation>
<objectViews>
<OView class="oracle.dbtools.crest.swingui.relational.TVTable" oid="0A0F10A6-A54C-0036-359C-B5D8FE963A22" otype="Table" vid="4F9EE490-0194-B968-E373-18D334373A86">
<hideElementsInCurrentOnly>false</hideElementsInCurrentOnly>
<bounds x="365" y="233" width="112" height="151"/>
</OView>
<OView class="oracle.dbtools.crest.swingui.relational.TVTable" oid="10E4F64E-CF66-A1C4-1F0D-399282D353E4" otype="Table" vid="29D458E5-1199-E413-403D-A2EC0126B571">
<hideElementsInCurrentOnly>false</hideElementsInCurrentOnly>
<bounds x="10" y="15" width="149" height="240"/>
</OView>
<OView class="oracle.dbtools.crest.swingui.relational.TVTable" oid="1196AEF6-AA0C-67EF-4194-02B9B852068C" otype="Table" vid="5A7E67CB-1B98-4EDA-94A4-248C7C20D558">
<hideElementsInCurrentOnly>false</hideElementsInCurrentOnly>
<bounds x="302" y="11" width="140" height="191"/>
</OView>
<OView class="oracle.dbtools.crest.swingui.relational.TVTable" oid="1A1D30A8-2EC5-FC96-E3FE-26256C5D4E38" otype="Table" vid="0634C708-DA60-86F0-160B-BACAF3399A7C">
<hideElementsInCurrentOnly>false</hideElementsInCurrentOnly>
<bounds x="741" y="336" width="131" height="94"/>
</OView>
<OView class="oracle.dbtools.crest.swingui.relational.TVTable" oid="1BEAB0F9-AEA5-C6F2-4028-991CE3D41B64" otype="Table" vid="45E4C91F-70A9-84AB-0289-51BF478B8089">
<hideElementsInCurrentOnly>false</hideElementsInCurrentOnly>
<bounds x="694" y="58" width="190" height="112"/>
</OView>
<OView class="oracle.dbtools.crest.swingui.relational.TVTable" oid="20D9CA17-E47F-E906-3142-22D567BE659A" otype="Table" vid="318FD484-3D80-0632-8C4B-059D787D3FDD">
<hideElementsInCurrentOnly>false</hideElementsInCurrentOnly>
<bounds x="488" y="23" width="187" height="400"/>
</OView>
<OView class="oracle.dbtools.crest.swingui.relational.TVTable" oid="38A828B2-5903-3FA7-C7AB-1DDCD5E5592B" otype="Table" vid="A7B288DD-66B2-C2CA-085C-2C1F551C90FC">
<hideElementsInCurrentOnly>false</hideElementsInCurrentOnly>
<bounds x="731" y="200" width="109" height="98"/>
</OView>
<OView class="oracle.dbtools.crest.swingui.relational.TVTable" oid="49F4AA86-81F2-21FC-DAA0-33424D4DEC95" otype="Table" vid="7B883B0A-643C-C625-53B2-70D59F340FFC">
<hideElementsInCurrentOnly>false</hideElementsInCurrentOnly>
<bounds x="465" y="512" width="170" height="153"/>
</OView>
<OView class="oracle.dbtools.crest.swingui.relational.TVTable" oid="56698039-9525-EABE-6D4F-0B699E9A2CC4" otype="Table" vid="08381B85-3C4E-2E27-EFDA-6CD07F0A35FA">
<hideElementsInCurrentOnly>false</hideElementsInCurrentOnly>
<bounds x="20" y="439" width="163" height="236"/>
</OView>
<OView class="oracle.dbtools.crest.swingui.relational.TVTable" oid="B7D34644-D70D-27BA-2FAA-BD75C79CF554" otype="Table" vid="399E12EB-AD88-27D2-6F49-602DB72DB26D">
<hideElementsInCurrentOnly>false</hideElementsInCurrentOnly>
<bounds x="174" y="250" width="143" height="141"/>
</OView>
<OView class="oracle.dbtools.crest.swingui.relational.TVTable" oid="FBF8FBF0-9310-113F-2DFD-DEC878342E7A" otype="Table" vid="D9658128-DF22-B262-F07D-BB2187F91257">
<hideElementsInCurrentOnly>false</hideElementsInCurrentOnly>
<bounds x="236" y="454" width="144" height="191"/>
</OView>
</objectViews>
<connectors>
<Connector class="oracle.dbtools.crest.swingui.relational.TVFKRelation" oid="0F2B690D-7656-86D5-1F4F-E8278CC2E171" otype="FKIndexAssociation" vid_source="A7B288DD-66B2-C2CA-085C-2C1F551C90FC" vid_target="0634C708-DA60-86F0-160B-BACAF3399A7C">
<hideElementsInCurrentOnly>false</hideElementsInCurrentOnly>
<backgroundColor>-16777216</backgroundColor>
<lineWidth>1</lineWidth>
<points>
<point x="790" y="298"/>
<point x="790" y="336"/>
</points>
</Connector>
<Connector class="oracle.dbtools.crest.swingui.relational.TVFKRelation" oid="32B36FB7-5E03-6DA8-EABB-D6A9F44D0B2A" otype="FKIndexAssociation" vid_source="D9658128-DF22-B262-F07D-BB2187F91257" vid_target="4F9EE490-0194-B968-E373-18D334373A86">
<hideElementsInCurrentOnly>false</hideElementsInCurrentOnly>
<backgroundColor>-16777216</backgroundColor>
<lineWidth>1</lineWidth>
<points>
<point x="372" y="454"/>
<point x="372" y="384"/>
</points>
</Connector>
<Connector class="oracle.dbtools.crest.swingui.relational.TVFKRelation" oid="49547E2F-4A80-5AD6-47D1-48DF3F86D039" otype="FKIndexAssociation" vid_source="318FD484-3D80-0632-8C4B-059D787D3FDD" vid_target="0634C708-DA60-86F0-160B-BACAF3399A7C">
<hideElementsInCurrentOnly>false</hideElementsInCurrentOnly>
<backgroundColor>-16777216</backgroundColor>
<lineWidth>1</lineWidth>
<points>
<point x="675" y="379"/>
<point x="741" y="379"/>
</points>
</Connector>
<Connector class="oracle.dbtools.crest.swingui.relational.TVFKRelation" oid="54B33082-9C94-FECA-2E5E-516E5337172B" otype="FKIndexAssociation" vid_source="D9658128-DF22-B262-F07D-BB2187F91257" vid_target="7B883B0A-643C-C625-53B2-70D59F340FFC">
<hideElementsInCurrentOnly>false</hideElementsInCurrentOnly>
<backgroundColor>-16777216</backgroundColor>
<lineWidth>1</lineWidth>
<points>
<point x="380" y="578"/>
<point x="465" y="578"/>
</points>
</Connector>
<Connector class="oracle.dbtools.crest.swingui.relational.TVFKRelation" oid="6DA7393E-2358-ADB9-52BD-7286C5DAD993" otype="FKIndexAssociation" vid_source="318FD484-3D80-0632-8C4B-059D787D3FDD" vid_target="318FD484-3D80-0632-8C4B-059D787D3FDD">
<hideElementsInCurrentOnly>false</hideElementsInCurrentOnly>
<backgroundColor>-16777216</backgroundColor>
<lineWidth>1</lineWidth>
<points>
<point x="675" y="187"/>
<point x="722" y="187"/>
<point x="722" y="403"/>
<point x="581" y="403"/>
<point x="581" y="423"/>
</points>
</Connector>
<Connector class="oracle.dbtools.crest.swingui.relational.TVFKRelation" oid="73141A1C-DCDB-6495-F8E7-D15A0552F40F" otype="FKIndexAssociation" vid_source="5A7E67CB-1B98-4EDA-94A4-248C7C20D558" vid_target="399E12EB-AD88-27D2-6F49-602DB72DB26D">
<hideElementsInCurrentOnly>false</hideElementsInCurrentOnly>
<backgroundColor>-16777216</backgroundColor>
<lineWidth>1</lineWidth>
<points>
<point x="309" y="202"/>
<point x="309" y="250"/>
</points>
</Connector>
<Connector class="oracle.dbtools.crest.swingui.relational.TVFKRelation" oid="7913FFCC-CE25-57ED-017B-A8852FEAEE1D" otype="FKIndexAssociation" vid_source="5A7E67CB-1B98-4EDA-94A4-248C7C20D558" vid_target="318FD484-3D80-0632-8C4B-059D787D3FDD">
<hideElementsInCurrentOnly>false</hideElementsInCurrentOnly>
<backgroundColor>-16777216</backgroundColor>
<lineWidth>1</lineWidth>
<points>
<point x="442" y="112"/>
<point x="488" y="112"/>
</points>
</Connector>
<Connector class="oracle.dbtools.crest.swingui.relational.TVFKRelation" oid="79BA69BC-EE52-0270-9D0D-A6E66A1D61AA" otype="FKIndexAssociation" vid_source="5A7E67CB-1B98-4EDA-94A4-248C7C20D558" vid_target="4F9EE490-0194-B968-E373-18D334373A86">
<hideElementsInCurrentOnly>false</hideElementsInCurrentOnly>
<backgroundColor>-16777216</backgroundColor>
<lineWidth>1</lineWidth>
<points>
<point x="388" y="202"/>
<point x="388" y="233"/>
</points>
</Connector>
<Connector class="oracle.dbtools.crest.swingui.relational.TVFKRelation" oid="90322FD2-9CD6-8A89-542F-C7A3AF5742AD" otype="FKIndexAssociation" vid_source="D9658128-DF22-B262-F07D-BB2187F91257" vid_target="08381B85-3C4E-2E27-EFDA-6CD07F0A35FA">
<hideElementsInCurrentOnly>false</hideElementsInCurrentOnly>
<backgroundColor>-16777216</backgroundColor>
<lineWidth>1</lineWidth>
<points>
<point x="236" y="549"/>
<point x="183" y="549"/>
</points>
</Connector>
<Connector class="oracle.dbtools.crest.swingui.relational.TVFKRelation" oid="A704529E-9838-CF0A-F52F-BD46309916D8" otype="FKIndexAssociation" vid_source="A7B288DD-66B2-C2CA-085C-2C1F551C90FC" vid_target="45E4C91F-70A9-84AB-0289-51BF478B8089">
<hideElementsInCurrentOnly>false</hideElementsInCurrentOnly>
<backgroundColor>-16777216</backgroundColor>
<lineWidth>1</lineWidth>
<points>
<point x="770" y="200"/>
<point x="770" y="170"/>
</points>
</Connector>
<Connector class="oracle.dbtools.crest.swingui.relational.TVFKRelation" oid="C100FC91-9079-2192-DA1F-80A1148006CE" otype="FKIndexAssociation" vid_source="5A7E67CB-1B98-4EDA-94A4-248C7C20D558" vid_target="29D458E5-1199-E413-403D-A2EC0126B571">
<hideElementsInCurrentOnly>false</hideElementsInCurrentOnly>
<backgroundColor>-16777216</backgroundColor>
<lineWidth>1</lineWidth>
<points>
<point x="302" y="123"/>
<point x="159" y="123"/>
</points>
</Connector>
</connectors>
</Diagram>