<?xml version = '1.0' encoding = 'UTF-8'?>
<Relation class="oracle.dbtools.crest.model.design.logical.Relation" name="Relation_28" directorySegmentName="seg_0" id="10217543-1311-5874-57E3-006FD27C99A8">
<createdBy>sergi</createdBy>
<createdTime>2018-11-23 16:51:01 UTC</createdTime>
<ownerDesignName>Trabajo final</ownerDesignName>
<engineerTo>
<item key="08263C5D-3E34-0EC3-C5FB-942E2EA00B5D" value="true"/>
</engineerTo>
<sourcePk>D7A08D04-7695-CCB9-4E61-A52ABDCDA1BC</sourcePk>
<identifying>true</identifying>
<optionalSource>false</optionalSource>
<optionalTarget>false</optionalTarget>
<sourceCardinality>1</sourceCardinality>
<sourceEntity>D9D3DCAE-D1BA-3B32-FA58-F362E9B516C8</sourceEntity>
<targetCardinalityString>*</targetCardinalityString>
<targetEntity>BCCF35AC-B40B-FDD7-B29D-24DDCEFA09BF</targetEntity>
<transferable>true</transferable>
<deleteRule>NO ACTION</deleteRule>
</Relation>