<?xml version = '1.0' encoding = 'UTF-8'?>
<Relation class="oracle.dbtools.crest.model.design.logical.Relation" name="Relation_29" directorySegmentName="seg_0" id="105D89EB-B8AA-D59B-DBA4-A5BCAA36FF84">
<createdBy>sergi</createdBy>
<createdTime>2018-11-23 16:51:09 UTC</createdTime>
<ownerDesignName>Trabajo final</ownerDesignName>
<engineerTo>
<item key="08263C5D-3E34-0EC3-C5FB-942E2EA00B5D" value="true"/>
</engineerTo>
<sourcePk>ACD9420F-9EDE-D11A-640A-C2DF5FCC4F29</sourcePk>
<identifying>true</identifying>
<optionalSource>false</optionalSource>
<optionalTarget>false</optionalTarget>
<sourceCardinality>1</sourceCardinality>
<sourceEntity>A5C2C158-E656-F827-9CC9-C2B9468E21DE</sourceEntity>
<targetCardinalityString>*</targetCardinalityString>
<targetEntity>BCCF35AC-B40B-FDD7-B29D-24DDCEFA09BF</targetEntity>
<transferable>true</transferable>
<deleteRule>NO ACTION</deleteRule>
</Relation>