<?xml version = '1.0' encoding = 'UTF-8'?>
<Relation class="oracle.dbtools.crest.model.design.logical.Relation" name="Relation_21" directorySegmentName="seg_0" id="20D4982C-6301-C561-EF84-F8950CE3E18C">
<createdBy>sergi</createdBy>
<createdTime>2018-11-23 16:47:07 UTC</createdTime>
<ownerDesignName>Trabajo final</ownerDesignName>
<engineerTo>
<item key="08263C5D-3E34-0EC3-C5FB-942E2EA00B5D" value="true"/>
</engineerTo>
<sourcePk>ACD9420F-9EDE-D11A-640A-C2DF5FCC4F29</sourcePk>
<identifying>false</identifying>
<optionalSource>true</optionalSource>
<optionalTarget>true</optionalTarget>
<sourceCardinality>1</sourceCardinality>
<sourceEntity>A5C2C158-E656-F827-9CC9-C2B9468E21DE</sourceEntity>
<targetCardinalityString>*</targetCardinalityString>
<targetEntity>EA3273D5-2E6D-6B58-19E2-5C7D96F361DF</targetEntity>
<transferable>true</transferable>
<deleteRule>NO ACTION</deleteRule>
</Relation>