<?xml version = '1.0' encoding = 'UTF-8'?>
<Relation class="oracle.dbtools.crest.model.design.logical.Relation" name="Pertenecen" directorySegmentName="seg_0" id="29EE4FB5-E3DC-3978-E256-A6DF34973118">
<createdBy>sergi</createdBy>
<createdTime>2018-11-23 16:46:27 UTC</createdTime>
<ownerDesignName>Trabajo final</ownerDesignName>
<engineerTo>
<item key="08263C5D-3E34-0EC3-C5FB-942E2EA00B5D" value="true"/>
</engineerTo>
<targetPk>ACD9420F-9EDE-D11A-640A-C2DF5FCC4F29</targetPk>
<identifying>false</identifying>
<optionalSource>true</optionalSource>
<optionalTarget>false</optionalTarget>
<sourceCardinality>*</sourceCardinality>
<sourceEntity>A88534E2-9A97-7F27-CA14-68606A50F4D8</sourceEntity>
<targetCardinalityString>1</targetCardinalityString>
<targetEntity>A5C2C158-E656-F827-9CC9-C2B9468E21DE</targetEntity>
<transferable>true</transferable>
<deleteRule>NO ACTION</deleteRule>
</Relation>