<?xml version = '1.0' encoding = 'UTF-8'?>
<Relation class="oracle.dbtools.crest.model.design.logical.Relation" name="Realizan" directorySegmentName="seg_0" id="48CBA5D9-4C35-3C8F-B80C-B89062F8F0C9">
<createdBy>sergi</createdBy>
<createdTime>2018-12-30 11:46:11 UTC</createdTime>
<ownerDesignName>Trabajo final</ownerDesignName>
<engineerTo>
<item key="08263C5D-3E34-0EC3-C5FB-942E2EA00B5D" value="true"/>
</engineerTo>
<identifying>false</identifying>
<optionalSource>true</optionalSource>
<optionalTarget>false</optionalTarget>
<sourceCardinality>*</sourceCardinality>
<sourceEntity>1E35E737-69D5-62C1-1BE3-6C92D6861667</sourceEntity>
<targetCardinalityString>*</targetCardinalityString>
<targetEntity>2975B1B9-FB38-FC7F-231C-8CD2780FCBBD</targetEntity>
<transferable>true</transferable>
<deleteRule>NO ACTION</deleteRule>
</Relation>