<?xml version = '1.0' encoding = 'UTF-8'?>
<Relation class="oracle.dbtools.crest.model.design.logical.Relation" name="Relation_26" directorySegmentName="seg_0" id="8C855C42-D9A2-853D-8ECE-D5759E340C59">
<createdBy>sergi</createdBy>
<createdTime>2018-11-23 16:50:40 UTC</createdTime>
<ownerDesignName>Trabajo final</ownerDesignName>
<engineerTo>
<item key="08263C5D-3E34-0EC3-C5FB-942E2EA00B5D" value="true"/>
</engineerTo>
<sourcePk>15A4BC46-596F-FC69-7378-0B0F3B302C2C</sourcePk>
<identifying>true</identifying>
<optionalSource>false</optionalSource>
<optionalTarget>false</optionalTarget>
<sourceCardinality>1</sourceCardinality>
<sourceEntity>8BD891E7-B3CC-5EFF-B0C6-CF9D55559012</sourceEntity>
<targetCardinalityString>*</targetCardinalityString>
<targetEntity>6BB405E6-1BA8-E67A-601C-6B39C9153D7E</targetEntity>
<transferable>true</transferable>
<deleteRule>NO ACTION</deleteRule>
</Relation>