<?xml version = '1.0' encoding = 'UTF-8'?>
<Relation class="oracle.dbtools.crest.model.design.logical.Relation" name="Existen" directorySegmentName="seg_0" id="936ADA2B-8723-5978-B10B-2D0FEF13B90D">
<createdBy>sergi</createdBy>
<createdTime>2018-12-30 11:45:46 UTC</createdTime>
<ownerDesignName>Trabajo final</ownerDesignName>
<engineerTo>
<item key="08263C5D-3E34-0EC3-C5FB-942E2EA00B5D" value="true"/>
</engineerTo>
<identifying>false</identifying>
<optionalSource>false</optionalSource>
<optionalTarget>false</optionalTarget>
<sourceCardinality>*</sourceCardinality>
<sourceEntity>1E35E737-69D5-62C1-1BE3-6C92D6861667</sourceEntity>
<targetCardinalityString>*</targetCardinalityString>
<targetEntity>A88534E2-9A97-7F27-CA14-68606A50F4D8</targetEntity>
<transferable>true</transferable>
<deleteRule>NO ACTION</deleteRule>
</Relation>