<?xml version = '1.0' encoding = 'UTF-8'?>
<Relation class="oracle.dbtools.crest.model.design.logical.Relation" name="Reciben" directorySegmentName="seg_0" id="998F9661-9F43-E34A-7433-B1E505DC938F">
<createdBy>sergi</createdBy>
<createdTime>2019-01-08 12:37:57 UTC</createdTime>
<ownerDesignName>proyecto acoes</ownerDesignName>
<engineerTo>
<item key="08263C5D-3E34-0EC3-C5FB-942E2EA00B5D" value="true"/>
</engineerTo>
<identifying>false</identifying>
<optionalSource>true</optionalSource>
<optionalTarget>true</optionalTarget>
<sourceCardinality>*</sourceCardinality>
<sourceEntity>8BD891E7-B3CC-5EFF-B0C6-CF9D55559012</sourceEntity>
<targetCardinalityString>*</targetCardinalityString>
<targetEntity>2BC3D519-4A7A-72C1-8EB0-F39000DF4E7F</targetEntity>
<transferable>true</transferable>
<deleteRule>NO ACTION</deleteRule>
</Relation>