<?xml version = '1.0' encoding = 'UTF-8'?>
<Relation class="oracle.dbtools.crest.model.design.logical.Relation" name="Trabaja" directorySegmentName="seg_0" id="BA6C8E94-BF87-76DF-1319-09BC1B7B48AF">
<createdBy>sergi</createdBy>
<createdTime>2018-11-23 16:46:58 UTC</createdTime>
<ownerDesignName>Trabajo final</ownerDesignName>
<engineerTo>
<item key="08263C5D-3E34-0EC3-C5FB-942E2EA00B5D" value="true"/>
</engineerTo>
<identifying>false</identifying>
<optionalSource>false</optionalSource>
<optionalTarget>true</optionalTarget>
<sourceCardinality>*</sourceCardinality>
<sourceEntity>A5C2C158-E656-F827-9CC9-C2B9468E21DE</sourceEntity>
<targetCardinalityString>*</targetCardinalityString>
<targetEntity>0CA79A48-4FC0-9A09-74C5-517721F1D86D</targetEntity>
<transferable>true</transferable>
<deleteRule>NO ACTION</deleteRule>
</Relation>