<?xml version = '1.0' encoding = 'UTF-8'?>
<Relation class="oracle.dbtools.crest.model.design.logical.Relation" name="Hacen llegar" directorySegmentName="seg_0" id="FAB7DC26-B902-F1E7-870C-68C057EDB0F1">
<createdBy>sergi</createdBy>
<createdTime>2019-01-08 12:38:35 UTC</createdTime>
<ownerDesignName>proyecto acoes</ownerDesignName>
<engineerTo>
<item key="08263C5D-3E34-0EC3-C5FB-942E2EA00B5D" value="true"/>
</engineerTo>
<identifying>false</identifying>
<optionalSource>true</optionalSource>
<optionalTarget>true</optionalTarget>
<sourceCardinality>*</sourceCardinality>
<sourceEntity>2BC3D519-4A7A-72C1-8EB0-F39000DF4E7F</sourceEntity>
<targetCardinalityString>*</targetCardinalityString>
<targetEntity>D9D3DCAE-D1BA-3B32-FA58-F362E9B516C8</targetEntity>
<transferable>true</transferable>
<deleteRule>NO ACTION</deleteRule>
</Relation>