<?xml version = '1.0' encoding = 'UTF-8'?>
<Table class="oracle.dbtools.crest.model.design.relational.Table" directorySegmentName="seg_0" id="10E4F64E-CF66-A1C4-1F0D-399282D353E4" name="Customers">
<createdBy>sergi</createdBy>
<createdTime>2020-10-30 09:38:53 UTC</createdTime>
<generatorID>6B163765-321A-B22C-CA09-105B2AEF0F63</generatorID>
<ownerDesignName>Diseño Lógico</ownerDesignName>
<allowColumnReorder>false</allowColumnReorder>
<existDependencyGenerateInDDl>true</existDependencyGenerateInDDl>
<parsed>true</parsed>
<columns itemClass="oracle.dbtools.crest.model.design.relational.Column">
<Column name="CustomerID" id="8080E96D-CD71-0C4D-AF8D-C75C6357D1A4">
<createdBy>sergi</createdBy>
<createdTime>2020-10-30 09:38:53 UTC</createdTime>
<generatorID>2CAB40DC-44B5-3D47-3749-73CE1ECD901B</generatorID>
<ownerDesignName>Diseño Lógico</ownerDesignName>
<useDomainConstraints>false</useDomainConstraints>
<use>1</use>
<logicalDatatype>LOGDT019</logicalDatatype>
<ownDataTypeParameters>,,</ownDataTypeParameters>
<autoIncrementCycle>false</autoIncrementCycle>
</Column>
<Column name="CompanyName" id="9CB70970-0554-9E12-90BD-CF1E75B943B0">
<createdBy>sergi</createdBy>
<createdTime>2020-10-30 09:38:53 UTC</createdTime>
<generatorID>DEB88759-4E82-5F0B-9C5C-6C5ED24AAE71</generatorID>
<ownerDesignName>Diseño Lógico</ownerDesignName>
<useDomainConstraints>false</useDomainConstraints>
<use>1</use>
<logicalDatatype>LOGDT024</logicalDatatype>
<ownDataTypeParameters>,,</ownDataTypeParameters>
<autoIncrementCycle>false</autoIncrementCycle>
</Column>
<Column name="ContactName" id="E411DD2C-BFE1-BE62-51E1-5A9BBF10D1BE">
<createdBy>sergi</createdBy>
<createdTime>2020-10-30 09:38:53 UTC</createdTime>
<generatorID>51F73D0E-0661-26FE-41A3-8880AE99664C</generatorID>
<ownerDesignName>Diseño Lógico</ownerDesignName>
<useDomainConstraints>false</useDomainConstraints>
<use>1</use>
<logicalDatatype>LOGDT024</logicalDatatype>
<ownDataTypeParameters>,,</ownDataTypeParameters>
<autoIncrementCycle>false</autoIncrementCycle>
</Column>
<Column name="Address" id="1D658FE0-6348-2951-9D98-1D5964E3680D">
<createdBy>sergi</createdBy>
<createdTime>2020-10-30 09:38:53 UTC</createdTime>
<generatorID>03653DF3-7E8B-F56D-F0B8-F800ADCB46F4</generatorID>
<ownerDesignName>Diseño Lógico</ownerDesignName>
<useDomainConstraints>false</useDomainConstraints>
<use>1</use>
<logicalDatatype>LOGDT024</logicalDatatype>
<ownDataTypeParameters>,,</ownDataTypeParameters>
<autoIncrementCycle>false</autoIncrementCycle>
</Column>
<Column name="City" id="AA1152CD-ADC8-7B72-1BB1-0BA1E6835859">
<createdBy>sergi</createdBy>
<createdTime>2020-10-30 09:38:53 UTC</createdTime>
<generatorID>6E3C7B22-D627-FFE9-4A7E-CB08E70EA5DC</generatorID>
<ownerDesignName>Diseño Lógico</ownerDesignName>
<useDomainConstraints>false</useDomainConstraints>
<use>1</use>
<logicalDatatype>LOGDT024</logicalDatatype>
<ownDataTypeParameters>,,</ownDataTypeParameters>
<autoIncrementCycle>false</autoIncrementCycle>
</Column>
<Column name="Region" id="6B6A5FDF-DBD0-5663-F609-4374A9B79CCE">
<createdBy>sergi</createdBy>
<createdTime>2020-10-30 09:38:53 UTC</createdTime>
<generatorID>6D16A376-12AB-0CDB-6559-E09C0929B5E5</generatorID>
<ownerDesignName>Diseño Lógico</ownerDesignName>
<nullsAllowed>true</nullsAllowed>
<useDomainConstraints>false</useDomainConstraints>
<use>1</use>
<logicalDatatype>LOGDT024</logicalDatatype>
<ownDataTypeParameters>,,</ownDataTypeParameters>
<autoIncrementCycle>false</autoIncrementCycle>
</Column>
<Column name="PostalCode" id="B5B3DFF9-08E8-F369-8090-029E9E246934">
<createdBy>sergi</createdBy>
<createdTime>2020-10-30 09:38:53 UTC</createdTime>
<generatorID>6C79A648-7143-947B-911A-F4AF9EF92904</generatorID>
<ownerDesignName>Diseño Lógico</ownerDesignName>
<nullsAllowed>true</nullsAllowed>
<useDomainConstraints>false</useDomainConstraints>
<use>1</use>
<logicalDatatype>LOGDT019</logicalDatatype>
<ownDataTypeParameters>,,</ownDataTypeParameters>
<autoIncrementCycle>false</autoIncrementCycle>
</Column>
<Column name="Country" id="E17AA56C-6238-72FB-2521-AE1FAF2D5DBB">
<createdBy>sergi</createdBy>
<createdTime>2020-10-30 09:38:53 UTC</createdTime>
<generatorID>85D2FE4E-2E34-0ED2-1545-E2B1B09C800D</generatorID>
<ownerDesignName>Diseño Lógico</ownerDesignName>
<useDomainConstraints>false</useDomainConstraints>
<use>1</use>
<logicalDatatype>LOGDT024</logicalDatatype>
<ownDataTypeParameters>,,</ownDataTypeParameters>
<autoIncrementCycle>false</autoIncrementCycle>
</Column>
<Column name="Phone" id="0BF68EBF-DC59-C822-49FF-79FC7CECB43B">
<createdBy>sergi</createdBy>
<createdTime>2020-10-30 09:38:53 UTC</createdTime>
<generatorID>534C1747-500D-B540-D95A-1979EAAB98B6</generatorID>
<ownerDesignName>Diseño Lógico</ownerDesignName>
<useDomainConstraints>false</useDomainConstraints>
<use>1</use>
<logicalDatatype>LOGDT019</logicalDatatype>
<ownDataTypeParameters>,,</ownDataTypeParameters>
<autoIncrementCycle>false</autoIncrementCycle>
</Column>
<Column name="Fax" id="66894D97-CA23-6441-16B3-C702AF9FB61A">
<createdBy>sergi</createdBy>
<createdTime>2020-10-30 09:38:53 UTC</createdTime>
<generatorID>EEA7ED92-C835-8BE8-ED74-4E6B76ED96E5</generatorID>
<ownerDesignName>Diseño Lógico</ownerDesignName>
<nullsAllowed>true</nullsAllowed>
<useDomainConstraints>false</useDomainConstraints>
<use>1</use>
<logicalDatatype>LOGDT024</logicalDatatype>
<ownDataTypeParameters>,,</ownDataTypeParameters>
<autoIncrementCycle>false</autoIncrementCycle>
</Column>
<Column name="OrderID" id="E9B3574E-088E-33F0-6973-C28D82B385E3">
<createdBy>sergi</createdBy>
<createdTime>2020-10-30 09:38:53 UTC</createdTime>
<generatorID>42FD360A-DE0C-EFCC-CE71-52E38585916D</generatorID>
<ownerDesignName>Diseño Lógico</ownerDesignName>
<useDomainConstraints>false</useDomainConstraints>
<use>1</use>
<logicalDatatype>LOGDT019</logicalDatatype>
<ownDataTypeParameters>,,</ownDataTypeParameters>
<previousColumn>false</previousColumn>
<autoIncrementCycle>false</autoIncrementCycle>
</Column>
<Column name="Orders_OrderID" id="65091697-8715-0729-0531-D783870F2345">
<createdBy>sergi</createdBy>
<createdTime>2020-10-30 09:45:14 UTC</createdTime>
<generatorID>B46651F2-88A5-F089-62E4-A5A48077C66D</generatorID>
<ownerDesignName>Diseño Lógico</ownerDesignName>
<useDomainConstraints>false</useDomainConstraints>
<use>1</use>
<logicalDatatype>LOGDT019</logicalDatatype>
<ownDataTypeParameters>,,</ownDataTypeParameters>
<previousColumn>false</previousColumn>
<autoIncrementCycle>false</autoIncrementCycle>
<associations>
<colAssociation fkAssociation="C100FC91-9079-2192-DA1F-80A1148006CE" referredColumn="D3BE528D-18CB-8B54-65F9-D52A3201AA6A"/>
</associations>
</Column>
</columns>
<indexes itemClass="oracle.dbtools.crest.model.design.relational.Index">
<ind_PK_UK id="14FD4A5F-1AB5-EB57-2D98-B898D7087B5C" name="Customers_PK">
<createdBy>sergi</createdBy>
<createdTime>2020-10-30 09:38:53 UTC</createdTime>
<generatorID>047194D6-6CD3-2756-83A2-8EEFF2EB4D8E</generatorID>
<ownerDesignName>Diseño Lógico</ownerDesignName>
<pk>true</pk>
<indexState>Primary Constraint</indexState>
<isSurrogateKey>false</isSurrogateKey>
<indexColumnUsage>
<colUsage columnID="8080E96D-CD71-0C4D-AF8D-C75C6357D1A4"/>
</indexColumnUsage>
</ind_PK_UK>
<ind_PK_UK id="16EB6FA7-5B90-E79C-DDA4-C328F06C20D6" name="Customers_Orders_FK">
<createdBy>sergi</createdBy>
<createdTime>2020-10-30 09:45:14 UTC</createdTime>
<generatorID>B5C834F7-B056-4698-69F0-5164355F8F9F</generatorID>
<ownerDesignName>Diseño Lógico</ownerDesignName>
<indexState>Foreign Key</indexState>
<isSurrogateKey>false</isSurrogateKey>
<indexColumnUsage>
<colUsage columnID="65091697-8715-0729-0531-D783870F2345"/>
</indexColumnUsage>
</ind_PK_UK>
</indexes>
</Table>