<?xml version = '1.0' encoding = 'UTF-8'?>
<Table class="oracle.dbtools.crest.model.design.relational.Table" directorySegmentName="seg_0" id="1196AEF6-AA0C-67EF-4194-02B9B852068C" name="Orders">
<createdBy>sergi</createdBy>
<createdTime>2020-10-30 09:38:53 UTC</createdTime>
<generatorID>B9BD3734-11BD-4F09-0D8B-EB9788B44771</generatorID>
<ownerDesignName>Diseño Lógico</ownerDesignName>
<allowColumnReorder>false</allowColumnReorder>
<existDependencyGenerateInDDl>true</existDependencyGenerateInDDl>
<parsed>true</parsed>
<columns itemClass="oracle.dbtools.crest.model.design.relational.Column">
<Column name="OrderID" id="D3BE528D-18CB-8B54-65F9-D52A3201AA6A">
<createdBy>sergi</createdBy>
<createdTime>2020-10-30 09:38:53 UTC</createdTime>
<generatorID>7CA90039-4184-BA33-5C47-E084DA83C4F2</generatorID>
<ownerDesignName>Diseño Lógico</ownerDesignName>
<useDomainConstraints>false</useDomainConstraints>
<use>1</use>
<logicalDatatype>LOGDT019</logicalDatatype>
<ownDataTypeParameters>,,</ownDataTypeParameters>
<autoIncrementCycle>false</autoIncrementCycle>
</Column>
<Column name="OrderDate" id="D4503187-FCB0-E2B9-C2B1-8CD625F1E6E1">
<createdBy>sergi</createdBy>
<createdTime>2020-10-30 09:38:53 UTC</createdTime>
<generatorID>CCA5405E-6CFB-AAAA-42E7-C631981794C6</generatorID>
<ownerDesignName>Diseño Lógico</ownerDesignName>
<useDomainConstraints>false</useDomainConstraints>
<use>1</use>
<logicalDatatype>LOGDT007</logicalDatatype>
<ownDataTypeParameters>,,</ownDataTypeParameters>
<autoIncrementCycle>false</autoIncrementCycle>
</Column>
<Column name="RequiredDate" id="ACA3E541-80E5-6D38-670D-B605A87698C9">
<createdBy>sergi</createdBy>
<createdTime>2020-10-30 09:38:53 UTC</createdTime>
<generatorID>BE1D2DED-4DF7-A008-FD97-6E51CC2CAA73</generatorID>
<ownerDesignName>Diseño Lógico</ownerDesignName>
<useDomainConstraints>false</useDomainConstraints>
<use>1</use>
<logicalDatatype>LOGDT007</logicalDatatype>
<ownDataTypeParameters>,,</ownDataTypeParameters>
<autoIncrementCycle>false</autoIncrementCycle>
</Column>
<Column name="ShippedDate" id="03D01E98-2722-4E26-83A0-C02EBE29E2D4">
<createdBy>sergi</createdBy>
<createdTime>2020-10-30 09:38:53 UTC</createdTime>
<generatorID>36BF7063-0A93-2ED3-530A-F36A09865ACE</generatorID>
<ownerDesignName>Diseño Lógico</ownerDesignName>
<nullsAllowed>true</nullsAllowed>
<useDomainConstraints>false</useDomainConstraints>
<use>1</use>
<logicalDatatype>LOGDT007</logicalDatatype>
<ownDataTypeParameters>,,</ownDataTypeParameters>
<autoIncrementCycle>false</autoIncrementCycle>
</Column>
<Column name="Freight" id="7702B5EA-80F4-4527-0DCB-248E410945A1">
<createdBy>sergi</createdBy>
<createdTime>2020-10-30 09:38:53 UTC</createdTime>
<generatorID>D592E580-F84D-69E6-7B5E-F19F773098A6</generatorID>
<ownerDesignName>Diseño Lógico</ownerDesignName>
<useDomainConstraints>false</useDomainConstraints>
<use>1</use>
<logicalDatatype>LOGDT019</logicalDatatype>
<ownDataTypeParameters>,,</ownDataTypeParameters>
<autoIncrementCycle>false</autoIncrementCycle>
</Column>
<Column name="ShipName" id="5221916A-677E-B302-DCE9-9A04639D92C6">
<createdBy>sergi</createdBy>
<createdTime>2020-10-30 09:38:53 UTC</createdTime>
<generatorID>801D4A57-C86E-914D-0857-E4C32094E48C</generatorID>
<ownerDesignName>Diseño Lógico</ownerDesignName>
<useDomainConstraints>false</useDomainConstraints>
<use>1</use>
<logicalDatatype>LOGDT024</logicalDatatype>
<ownDataTypeParameters>,,</ownDataTypeParameters>
<autoIncrementCycle>false</autoIncrementCycle>
</Column>
<Column name="ShipCity" id="129E7AC8-C4EB-D1D6-E3E3-8F09D7125509">
<createdBy>sergi</createdBy>
<createdTime>2020-10-30 09:38:53 UTC</createdTime>
<generatorID>FA8DBC5F-D6F1-BE82-41F7-20C7FDCB26A6</generatorID>
<ownerDesignName>Diseño Lógico</ownerDesignName>
<useDomainConstraints>false</useDomainConstraints>
<use>1</use>
<logicalDatatype>LOGDT024</logicalDatatype>
<ownDataTypeParameters>,,</ownDataTypeParameters>
<autoIncrementCycle>false</autoIncrementCycle>
</Column>
<Column name="ShipRegion" id="92B85199-CFA7-3E56-FB28-3A55CA7DE8EC">
<createdBy>sergi</createdBy>
<createdTime>2020-10-30 09:38:53 UTC</createdTime>
<generatorID>D58E4D03-0514-A450-E355-2E476DF66D3C</generatorID>
<ownerDesignName>Diseño Lógico</ownerDesignName>
<nullsAllowed>true</nullsAllowed>
<useDomainConstraints>false</useDomainConstraints>
<use>1</use>
<logicalDatatype>LOGDT024</logicalDatatype>
<ownDataTypeParameters>,,</ownDataTypeParameters>
<autoIncrementCycle>false</autoIncrementCycle>
</Column>
<Column name="ShipPostalCode" id="60C38421-59EB-E579-00CB-857655EBAE1D">
<createdBy>sergi</createdBy>
<createdTime>2020-10-30 09:38:53 UTC</createdTime>
<generatorID>EF614CA9-2E46-AEE5-74F0-FA93FE456760</generatorID>
<ownerDesignName>Diseño Lógico</ownerDesignName>
<nullsAllowed>true</nullsAllowed>
<useDomainConstraints>false</useDomainConstraints>
<use>1</use>
<logicalDatatype>LOGDT019</logicalDatatype>
<ownDataTypeParameters>,,</ownDataTypeParameters>
<autoIncrementCycle>false</autoIncrementCycle>
</Column>
<Column name="ShipCountry" id="72AD67A6-40E4-FCFE-E6A6-39795C537997">
<createdBy>sergi</createdBy>
<createdTime>2020-10-30 09:38:53 UTC</createdTime>
<generatorID>09CBD9EB-66FF-C351-9392-B2CDB81C321C</generatorID>
<ownerDesignName>Diseño Lógico</ownerDesignName>
<useDomainConstraints>false</useDomainConstraints>
<use>1</use>
<logicalDatatype>LOGDT024</logicalDatatype>
<ownDataTypeParameters>,,</ownDataTypeParameters>
<autoIncrementCycle>false</autoIncrementCycle>
</Column>
</columns>
<indexes itemClass="oracle.dbtools.crest.model.design.relational.Index">
<ind_PK_UK id="0AF50A10-3D76-3790-D956-999F3E9BA78D" name="Orders_PK">
<createdBy>sergi</createdBy>
<createdTime>2020-10-30 09:38:53 UTC</createdTime>
<generatorID>3BAF396F-2286-1082-D13C-C82AE39C2626</generatorID>
<ownerDesignName>Diseño Lógico</ownerDesignName>
<pk>true</pk>
<indexState>Primary Constraint</indexState>
<isSurrogateKey>false</isSurrogateKey>
<indexColumnUsage>
<colUsage columnID="D3BE528D-18CB-8B54-65F9-D52A3201AA6A"/>
</indexColumnUsage>
</ind_PK_UK>
</indexes>
</Table>