<?xml version = '1.0' encoding = 'UTF-8'?>
<Table class="oracle.dbtools.crest.model.design.relational.Table" directorySegmentName="seg_0" id="1A1D30A8-2EC5-FC96-E3FE-26256C5D4E38" name="EmployeeTerritories">
<createdBy>sergi</createdBy>
<createdTime>2020-10-30 09:38:53 UTC</createdTime>
<generatorID>DE021295-0C76-4160-9352-5A3FC19A8C9E</generatorID>
<ownerDesignName>Diseño Lógico</ownerDesignName>
<allowColumnReorder>false</allowColumnReorder>
<existDependencyGenerateInDDl>true</existDependencyGenerateInDDl>
<parsed>true</parsed>
<columns itemClass="oracle.dbtools.crest.model.design.relational.Column">
<Column name="TerritoryID" id="8858EBEF-DDF6-DC04-0621-8D677B989DFA">
<createdBy>sergi</createdBy>
<createdTime>2020-10-30 09:38:53 UTC</createdTime>
<generatorID>E94B066B-5073-BD46-846A-EDB4BA1188C2</generatorID>
<ownerDesignName>Diseño Lógico</ownerDesignName>
<useDomainConstraints>false</useDomainConstraints>
<use>1</use>
<logicalDatatype>LOGDT019</logicalDatatype>
<ownDataTypeParameters>,,</ownDataTypeParameters>
<previousColumn>false</previousColumn>
<autoIncrementCycle>false</autoIncrementCycle>
</Column>
<Column name="EmployeeID" id="5752C315-55E4-312E-78DE-1D217D33DCE2">
<createdBy>sergi</createdBy>
<createdTime>2020-10-30 09:38:53 UTC</createdTime>
<generatorID>72509C89-61C1-4DC0-52C1-99380B9365C5</generatorID>
<ownerDesignName>Diseño Lógico</ownerDesignName>
<useDomainConstraints>false</useDomainConstraints>
<use>1</use>
<logicalDatatype>LOGDT019</logicalDatatype>
<ownDataTypeParameters>,,</ownDataTypeParameters>
<previousColumn>false</previousColumn>
<autoIncrementCycle>false</autoIncrementCycle>
</Column>
<Column name="Employees_EmployeeID" id="377FF720-D8E6-89B6-ECCD-C104720D4DE1">
<createdBy>sergi</createdBy>
<createdTime>2020-10-30 09:45:14 UTC</createdTime>
<generatorID>3E09B72E-A340-B416-CCEB-5B128419E9B7</generatorID>
<ownerDesignName>Diseño Lógico</ownerDesignName>
<useDomainConstraints>false</useDomainConstraints>
<use>1</use>
<logicalDatatype>LOGDT019</logicalDatatype>
<ownDataTypeParameters>,,</ownDataTypeParameters>
<previousColumn>false</previousColumn>
<autoIncrementCycle>false</autoIncrementCycle>
<associations>
<colAssociation fkAssociation="49547E2F-4A80-5AD6-47D1-48DF3F86D039" referredColumn="B5F5D70B-D230-886F-ED3F-23398EAFD1E4"/>
</associations>
</Column>
<Column name="Territories_TerritoryID" id="700BFA3B-F93A-BA75-41A7-1FE195C672C2">
<createdBy>sergi</createdBy>
<createdTime>2020-10-30 09:45:14 UTC</createdTime>
<generatorID>76F83A09-8670-598D-A4D0-DD0B6B493A16</generatorID>
<ownerDesignName>Diseño Lógico</ownerDesignName>
<useDomainConstraints>false</useDomainConstraints>
<use>1</use>
<logicalDatatype>LOGDT019</logicalDatatype>
<ownDataTypeParameters>,,</ownDataTypeParameters>
<previousColumn>false</previousColumn>
<autoIncrementCycle>false</autoIncrementCycle>
<associations>
<colAssociation fkAssociation="0F2B690D-7656-86D5-1F4F-E8278CC2E171" referredColumn="10E4B027-DDB1-A6E7-C550-4FB8F4B9A17E"/>
</associations>
</Column>
</columns>
<indexes itemClass="oracle.dbtools.crest.model.design.relational.Index">
<ind_PK_UK id="8F7F4F40-7B60-2931-178F-3F2127E50083" name="EmployeeTerritories_Employees_FK">
<createdBy>sergi</createdBy>
<createdTime>2020-10-30 09:45:14 UTC</createdTime>
<generatorID>A3A8E7F8-3A0B-965A-2E6F-184DEC11E8D2</generatorID>
<ownerDesignName>Diseño Lógico</ownerDesignName>
<indexState>Foreign Key</indexState>
<isSurrogateKey>false</isSurrogateKey>
<indexColumnUsage>
<colUsage columnID="377FF720-D8E6-89B6-ECCD-C104720D4DE1"/>
</indexColumnUsage>
</ind_PK_UK>
<ind_PK_UK id="BD50D785-D1F6-6A94-4A32-83DE4F85FD24" name="EmployeeTerritories_Territories_FK">
<createdBy>sergi</createdBy>
<createdTime>2020-10-30 09:45:14 UTC</createdTime>
<generatorID>E041E610-175A-6500-D30D-EA90BBFE2DEE</generatorID>
<ownerDesignName>Diseño Lógico</ownerDesignName>
<indexState>Foreign Key</indexState>
<isSurrogateKey>false</isSurrogateKey>
<indexColumnUsage>
<colUsage columnID="700BFA3B-F93A-BA75-41A7-1FE195C672C2"/>
</indexColumnUsage>
</ind_PK_UK>
</indexes>
</Table>