<?xml version = '1.0' encoding = 'UTF-8'?>
<Table class="oracle.dbtools.crest.model.design.relational.Table" directorySegmentName="seg_0" id="1BEAB0F9-AEA5-C6F2-4028-991CE3D41B64" name="Regions">
<createdBy>sergi</createdBy>
<createdTime>2020-10-30 09:38:53 UTC</createdTime>
<generatorID>94EB9440-631B-2424-FEB4-D7FFF98AE7F8</generatorID>
<ownerDesignName>Diseño Lógico</ownerDesignName>
<allowColumnReorder>false</allowColumnReorder>
<existDependencyGenerateInDDl>true</existDependencyGenerateInDDl>
<parsed>true</parsed>
<columns itemClass="oracle.dbtools.crest.model.design.relational.Column">
<Column name="RegionID" id="F3E03691-887F-E2B3-7301-04C08699DDFC">
<createdBy>sergi</createdBy>
<createdTime>2020-10-30 09:38:53 UTC</createdTime>
<generatorID>09AA0331-2466-517A-4394-19E9C4C4426F</generatorID>
<ownerDesignName>Diseño Lógico</ownerDesignName>
<useDomainConstraints>false</useDomainConstraints>
<use>1</use>
<logicalDatatype>LOGDT019</logicalDatatype>
<ownDataTypeParameters>,,</ownDataTypeParameters>
<autoIncrementCycle>false</autoIncrementCycle>
</Column>
<Column name="RegionDescription" id="BE84742C-55C7-3D22-02A1-034AF4351B59">
<createdBy>sergi</createdBy>
<createdTime>2020-10-30 09:38:53 UTC</createdTime>
<generatorID>D309B42F-76B8-DB12-3C54-D35958999DAE</generatorID>
<ownerDesignName>Diseño Lógico</ownerDesignName>
<useDomainConstraints>false</useDomainConstraints>
<use>1</use>
<logicalDatatype>LOGDT024</logicalDatatype>
<ownDataTypeParameters>,,</ownDataTypeParameters>
<autoIncrementCycle>false</autoIncrementCycle>
</Column>
<Column name="Territories_TerritoryID1" id="6361A300-FB1D-857A-19A9-E85CBE42D727">
<createdBy>sergi</createdBy>
<createdTime>2020-10-30 09:45:14 UTC</createdTime>
<generatorID>35ED72E7-2F74-EC40-F774-CB31C7161EAB</generatorID>
<ownerDesignName>Diseño Lógico</ownerDesignName>
<useDomainConstraints>false</useDomainConstraints>
<use>1</use>
<logicalDatatype>LOGDT019</logicalDatatype>
<ownDataTypeParameters>,,</ownDataTypeParameters>
<previousColumn>false</previousColumn>
<autoIncrementCycle>false</autoIncrementCycle>
<associations>
<colAssociation fkAssociation="A704529E-9838-CF0A-F52F-BD46309916D8" referredColumn="10E4B027-DDB1-A6E7-C550-4FB8F4B9A17E"/>
</associations>
</Column>
</columns>
<indexes itemClass="oracle.dbtools.crest.model.design.relational.Index">
<ind_PK_UK id="7B0E523B-0922-EA77-42A4-3A88172E9498" name="Regions_PK">
<createdBy>sergi</createdBy>
<createdTime>2020-10-30 09:38:53 UTC</createdTime>
<generatorID>9AB3EDE2-B300-D685-9488-80F08687D6AD</generatorID>
<ownerDesignName>Diseño Lógico</ownerDesignName>
<pk>true</pk>
<indexState>Primary Constraint</indexState>
<isSurrogateKey>false</isSurrogateKey>
<indexColumnUsage>
<colUsage columnID="F3E03691-887F-E2B3-7301-04C08699DDFC"/>
</indexColumnUsage>
</ind_PK_UK>
<ind_PK_UK id="A4E8867C-22F9-7DA7-5971-8EA4A59127E7" name="Regions_Territories_FKv2">
<createdBy>sergi</createdBy>
<createdTime>2020-10-30 09:45:14 UTC</createdTime>
<generatorID>090AD6D4-0909-2671-FA31-DB840AF23947</generatorID>
<ownerDesignName>Diseño Lógico</ownerDesignName>
<indexState>Foreign Key</indexState>
<isSurrogateKey>false</isSurrogateKey>
<indexColumnUsage>
<colUsage columnID="6361A300-FB1D-857A-19A9-E85CBE42D727"/>
</indexColumnUsage>
</ind_PK_UK>
</indexes>
</Table>