<?xml version = '1.0' encoding = 'UTF-8'?>
<Table class="oracle.dbtools.crest.model.design.relational.Table" directorySegmentName="seg_0" id="20D9CA17-E47F-E906-3142-22D567BE659A" name="Employees">
<createdBy>sergi</createdBy>
<createdTime>2020-10-30 09:38:53 UTC</createdTime>
<generatorID>F84491D0-1D19-AE17-2ACE-E4F77B635227</generatorID>
<ownerDesignName>Diseño Lógico</ownerDesignName>
<allowColumnReorder>false</allowColumnReorder>
<existDependencyGenerateInDDl>true</existDependencyGenerateInDDl>
<parsed>true</parsed>
<columns itemClass="oracle.dbtools.crest.model.design.relational.Column">
<Column name="EmployeeID" id="B5F5D70B-D230-886F-ED3F-23398EAFD1E4">
<createdBy>sergi</createdBy>
<createdTime>2020-10-30 09:38:53 UTC</createdTime>
<generatorID>23A565EA-E702-20B0-908B-752BB8FBCC98</generatorID>
<ownerDesignName>Diseño Lógico</ownerDesignName>
<useDomainConstraints>false</useDomainConstraints>
<use>1</use>
<logicalDatatype>LOGDT019</logicalDatatype>
<ownDataTypeParameters>,,</ownDataTypeParameters>
<autoIncrementCycle>false</autoIncrementCycle>
</Column>
<Column name="Name" id="F366A0B4-74E9-CBA7-C6DD-1DF08D25E7D8">
<createdBy>sergi</createdBy>
<createdTime>2020-10-30 09:38:53 UTC</createdTime>
<generatorID>3DB857DF-8596-AA38-278E-646958AC581A</generatorID>
<ownerDesignName>Diseño Lógico</ownerDesignName>
<useDomainConstraints>false</useDomainConstraints>
<use>1</use>
<logicalDatatype>LOGDT024</logicalDatatype>
<ownDataTypeParameters>,,</ownDataTypeParameters>
<autoIncrementCycle>false</autoIncrementCycle>
</Column>
<Column name="FirstName" id="43C34136-DAF4-CAD6-1B9F-C78B092A9AD3">
<createdBy>sergi</createdBy>
<createdTime>2020-10-30 09:38:53 UTC</createdTime>
<generatorID>6EFD4A66-830D-AF92-A2B3-57FDD0D8EBEB</generatorID>
<ownerDesignName>Diseño Lógico</ownerDesignName>
<useDomainConstraints>false</useDomainConstraints>
<use>1</use>
<logicalDatatype>LOGDT024</logicalDatatype>
<ownDataTypeParameters>,,</ownDataTypeParameters>
<autoIncrementCycle>false</autoIncrementCycle>
</Column>
<Column name="LastName" id="47D00257-E68A-E7BE-FD01-F87055BC6A2D">
<createdBy>sergi</createdBy>
<createdTime>2020-10-30 09:38:53 UTC</createdTime>
<generatorID>ED006024-415E-F870-3557-453BCAC57808</generatorID>
<ownerDesignName>Diseño Lógico</ownerDesignName>
<useDomainConstraints>false</useDomainConstraints>
<use>1</use>
<logicalDatatype>LOGDT024</logicalDatatype>
<ownDataTypeParameters>,,</ownDataTypeParameters>
<autoIncrementCycle>false</autoIncrementCycle>
</Column>
<Column name="Title" id="3F6339DE-EEBE-ACBF-E0E1-A7C1AFA02491">
<createdBy>sergi</createdBy>
<createdTime>2020-10-30 09:38:53 UTC</createdTime>
<generatorID>47474040-DDE6-2EEE-A48A-C029751400FD</generatorID>
<ownerDesignName>Diseño Lógico</ownerDesignName>
<useDomainConstraints>false</useDomainConstraints>
<use>1</use>
<logicalDatatype>LOGDT024</logicalDatatype>
<ownDataTypeParameters>,,</ownDataTypeParameters>
<autoIncrementCycle>false</autoIncrementCycle>
</Column>
<Column name="TitleOfCourtesy" id="D9E07EB4-B65E-4306-8A01-D13C2E47C662">
<createdBy>sergi</createdBy>
<createdTime>2020-10-30 09:38:53 UTC</createdTime>
<generatorID>BE1E1E49-D905-5491-AB52-AF775A1936CA</generatorID>
<ownerDesignName>Diseño Lógico</ownerDesignName>
<useDomainConstraints>false</useDomainConstraints>
<use>1</use>
<logicalDatatype>LOGDT024</logicalDatatype>
<ownDataTypeParameters>,,</ownDataTypeParameters>
<autoIncrementCycle>false</autoIncrementCycle>
</Column>
<Column name="BirthDate" id="1C27E459-EAA2-389C-8560-823AAFD80196">
<createdBy>sergi</createdBy>
<createdTime>2020-10-30 09:38:53 UTC</createdTime>
<generatorID>27E775A8-37F7-B3DB-D009-E9A9694BD76D</generatorID>
<ownerDesignName>Diseño Lógico</ownerDesignName>
<useDomainConstraints>false</useDomainConstraints>
<use>1</use>
<logicalDatatype>LOGDT007</logicalDatatype>
<ownDataTypeParameters>,,</ownDataTypeParameters>
<autoIncrementCycle>false</autoIncrementCycle>
</Column>
<Column name="HireDate" id="467E7ACE-12F1-8216-4C0A-502B8BC4BA62">
<createdBy>sergi</createdBy>
<createdTime>2020-10-30 09:38:53 UTC</createdTime>
<generatorID>E27D4973-5C19-01E6-B72D-AB83169DB852</generatorID>
<ownerDesignName>Diseño Lógico</ownerDesignName>
<useDomainConstraints>false</useDomainConstraints>
<use>1</use>
<logicalDatatype>LOGDT007</logicalDatatype>
<ownDataTypeParameters>,,</ownDataTypeParameters>
<autoIncrementCycle>false</autoIncrementCycle>
</Column>
<Column name="Address" id="1609FEAB-C178-4CC9-4398-922EAE36E581">
<createdBy>sergi</createdBy>
<createdTime>2020-10-30 09:38:53 UTC</createdTime>
<generatorID>E9520560-45A5-2A1E-02C9-DC0F467CA8B3</generatorID>
<ownerDesignName>Diseño Lógico</ownerDesignName>
<useDomainConstraints>false</useDomainConstraints>
<use>1</use>
<logicalDatatype>LOGDT024</logicalDatatype>
<ownDataTypeParameters>,,</ownDataTypeParameters>
<autoIncrementCycle>false</autoIncrementCycle>
</Column>
<Column name="City" id="5B164244-AEC6-5D41-06FC-A170D2E3BCB1">
<createdBy>sergi</createdBy>
<createdTime>2020-10-30 09:38:53 UTC</createdTime>
<generatorID>9D800FC3-5F98-E43C-8822-35B775339756</generatorID>
<ownerDesignName>Diseño Lógico</ownerDesignName>
<useDomainConstraints>false</useDomainConstraints>
<use>1</use>
<logicalDatatype>LOGDT024</logicalDatatype>
<ownDataTypeParameters>,,</ownDataTypeParameters>
<autoIncrementCycle>false</autoIncrementCycle>
</Column>
<Column name="Region" id="F64B956C-B82E-D729-0883-A9EC701A0107">
<createdBy>sergi</createdBy>
<createdTime>2020-10-30 09:38:53 UTC</createdTime>
<generatorID>3960A508-F1D8-8FDD-D168-E2A60331D291</generatorID>
<ownerDesignName>Diseño Lógico</ownerDesignName>
<nullsAllowed>true</nullsAllowed>
<useDomainConstraints>false</useDomainConstraints>
<use>1</use>
<logicalDatatype>LOGDT024</logicalDatatype>
<ownDataTypeParameters>,,</ownDataTypeParameters>
<autoIncrementCycle>false</autoIncrementCycle>
</Column>
<Column name="PostalCode" id="9CF08478-26D9-FB06-F426-DA2B07631530">
<createdBy>sergi</createdBy>
<createdTime>2020-10-30 09:38:53 UTC</createdTime>
<generatorID>83C88B87-EB45-FB24-6FDF-1062CEC55E6C</generatorID>
<ownerDesignName>Diseño Lógico</ownerDesignName>
<useDomainConstraints>false</useDomainConstraints>
<use>1</use>
<logicalDatatype>LOGDT019</logicalDatatype>
<ownDataTypeParameters>,,</ownDataTypeParameters>
<autoIncrementCycle>false</autoIncrementCycle>
</Column>
<Column name="Country" id="BD64995B-361D-310D-A5B0-C6969833CF45">
<createdBy>sergi</createdBy>
<createdTime>2020-10-30 09:38:53 UTC</createdTime>
<generatorID>E9F0E790-0DD4-AF27-ACEF-84B46181E928</generatorID>
<ownerDesignName>Diseño Lógico</ownerDesignName>
<useDomainConstraints>false</useDomainConstraints>
<use>1</use>
<logicalDatatype>LOGDT024</logicalDatatype>
<ownDataTypeParameters>,,</ownDataTypeParameters>
<autoIncrementCycle>false</autoIncrementCycle>
</Column>
<Column name="HomePhone" id="7BFE133B-EDCD-084A-372F-48550A4DFE02">
<createdBy>sergi</createdBy>
<createdTime>2020-10-30 09:38:53 UTC</createdTime>
<generatorID>60574A50-EF0E-0FD7-794D-675CDC5BA59E</generatorID>
<ownerDesignName>Diseño Lógico</ownerDesignName>
<useDomainConstraints>false</useDomainConstraints>
<use>1</use>
<logicalDatatype>LOGDT019</logicalDatatype>
<ownDataTypeParameters>,,</ownDataTypeParameters>
<autoIncrementCycle>false</autoIncrementCycle>
</Column>
<Column name="Extension" id="554AA52A-DCB2-4D7A-69F1-9DA8F2294B1F">
<createdBy>sergi</createdBy>
<createdTime>2020-10-30 09:38:53 UTC</createdTime>
<generatorID>8E88E806-8E2C-44FD-FD43-3A75A3A07108</generatorID>
<ownerDesignName>Diseño Lógico</ownerDesignName>
<useDomainConstraints>false</useDomainConstraints>
<use>1</use>
<logicalDatatype>LOGDT024</logicalDatatype>
<ownDataTypeParameters>,,</ownDataTypeParameters>
<autoIncrementCycle>false</autoIncrementCycle>
</Column>
<Column name="Photo" id="BD9C22BD-6938-94AA-59FE-97A0CF696698">
<createdBy>sergi</createdBy>
<createdTime>2020-10-30 09:38:53 UTC</createdTime>
<generatorID>EF24702B-067A-D1CE-2F51-A3D03EDABE00</generatorID>
<ownerDesignName>Diseño Lógico</ownerDesignName>
<nullsAllowed>true</nullsAllowed>
<useDomainConstraints>false</useDomainConstraints>
<use>1</use>
<logicalDatatype>LOGDT010</logicalDatatype>
<ownDataTypeParameters>,,</ownDataTypeParameters>
<autoIncrementCycle>false</autoIncrementCycle>
</Column>
<Column name="Notes" id="9F4A7C3F-2321-CC50-642E-FF9582C0C1FE">
<createdBy>sergi</createdBy>
<createdTime>2020-10-30 09:38:53 UTC</createdTime>
<generatorID>A1A2CF5C-9F0E-5679-9D5C-0FEC6D6608A1</generatorID>
<ownerDesignName>Diseño Lógico</ownerDesignName>
<nullsAllowed>true</nullsAllowed>
<useDomainConstraints>false</useDomainConstraints>
<use>1</use>
<logicalDatatype>LOGDT024</logicalDatatype>
<ownDataTypeParameters>,,</ownDataTypeParameters>
<autoIncrementCycle>false</autoIncrementCycle>
</Column>
<Column name="PhotoPath" id="1CF9E5E8-5917-3E85-6603-B4D2265B9B80">
<createdBy>sergi</createdBy>
<createdTime>2020-10-30 09:38:53 UTC</createdTime>
<generatorID>73E34420-9B82-8784-2C8D-BF326CAB7731</generatorID>
<ownerDesignName>Diseño Lógico</ownerDesignName>
<nullsAllowed>true</nullsAllowed>
<useDomainConstraints>false</useDomainConstraints>
<use>1</use>
<logicalDatatype>LOGDT024</logicalDatatype>
<ownDataTypeParameters>,,</ownDataTypeParameters>
<autoIncrementCycle>false</autoIncrementCycle>
</Column>
<Column name="OrderID" id="D864DE54-682A-4633-617B-5793B3EEB1BE">
<createdBy>sergi</createdBy>
<createdTime>2020-10-30 09:38:53 UTC</createdTime>
<generatorID>4DBB0A40-DD25-1232-84DE-F23183C72135</generatorID>
<ownerDesignName>Diseño Lógico</ownerDesignName>
<useDomainConstraints>false</useDomainConstraints>
<use>1</use>
<logicalDatatype>LOGDT019</logicalDatatype>
<ownDataTypeParameters>,,</ownDataTypeParameters>
<previousColumn>false</previousColumn>
<autoIncrementCycle>false</autoIncrementCycle>
</Column>
<Column name="EmployeeID1" id="C338A332-60B3-1DAC-5236-5ADDD1624090">
<createdBy>sergi</createdBy>
<createdTime>2020-10-30 09:38:53 UTC</createdTime>
<generatorID>F821FD86-3A59-F1FA-F3FD-D05F92AA1DC2</generatorID>
<ownerDesignName>Diseño Lógico</ownerDesignName>
<useDomainConstraints>false</useDomainConstraints>
<use>1</use>
<logicalDatatype>LOGDT019</logicalDatatype>
<ownDataTypeParameters>,,</ownDataTypeParameters>
<previousColumn>false</previousColumn>
<autoIncrementCycle>false</autoIncrementCycle>
</Column>
<Column name="Orders_OrderID" id="FCDAEBC6-8F55-3DF1-56DF-CE8104E6DA99">
<createdBy>sergi</createdBy>
<createdTime>2020-10-30 09:45:14 UTC</createdTime>
<generatorID>26A649FB-DFF4-2B84-B995-A6BA0C1507C9</generatorID>
<ownerDesignName>Diseño Lógico</ownerDesignName>
<useDomainConstraints>false</useDomainConstraints>
<use>1</use>
<logicalDatatype>LOGDT019</logicalDatatype>
<ownDataTypeParameters>,,</ownDataTypeParameters>
<previousColumn>false</previousColumn>
<autoIncrementCycle>false</autoIncrementCycle>
<associations>
<colAssociation fkAssociation="7913FFCC-CE25-57ED-017B-A8852FEAEE1D" referredColumn="D3BE528D-18CB-8B54-65F9-D52A3201AA6A"/>
</associations>
</Column>
<Column name="Employees_EmployeeID" id="619051E7-785B-4F47-3161-60B137AC85E1">
<createdBy>sergi</createdBy>
<createdTime>2020-10-30 09:45:14 UTC</createdTime>
<generatorID>0E280176-A8DD-2D93-28A0-6B2BBFC54D6A</generatorID>
<ownerDesignName>Diseño Lógico</ownerDesignName>
<nullsAllowed>true</nullsAllowed>
<useDomainConstraints>false</useDomainConstraints>
<use>1</use>
<logicalDatatype>LOGDT019</logicalDatatype>
<ownDataTypeParameters>,,</ownDataTypeParameters>
<previousColumn>false</previousColumn>
<autoIncrementCycle>false</autoIncrementCycle>
<associations>
<colAssociation fkAssociation="6DA7393E-2358-ADB9-52BD-7286C5DAD993" referredColumn="B5F5D70B-D230-886F-ED3F-23398EAFD1E4"/>
</associations>
</Column>
</columns>
<indexes itemClass="oracle.dbtools.crest.model.design.relational.Index">
<ind_PK_UK id="23E5AB12-22E1-7768-060D-7024A483F77A" name="Employees_PK">
<createdBy>sergi</createdBy>
<createdTime>2020-10-30 09:38:53 UTC</createdTime>
<generatorID>CA30FE0B-13EA-365C-0A43-2C9D1A926F40</generatorID>
<ownerDesignName>Diseño Lógico</ownerDesignName>
<pk>true</pk>
<indexState>Primary Constraint</indexState>
<isSurrogateKey>false</isSurrogateKey>
<indexColumnUsage>
<colUsage columnID="B5F5D70B-D230-886F-ED3F-23398EAFD1E4"/>
</indexColumnUsage>
</ind_PK_UK>
<ind_PK_UK id="25CE6F85-7ADB-4C3A-4244-E5AA94736776" name="Employees_Orders_FK">
<createdBy>sergi</createdBy>
<createdTime>2020-10-30 09:45:14 UTC</createdTime>
<generatorID>EC12247A-5670-DC6E-E4F1-7A85E6B4E4C2</generatorID>
<ownerDesignName>Diseño Lógico</ownerDesignName>
<indexState>Foreign Key</indexState>
<isSurrogateKey>false</isSurrogateKey>
<indexColumnUsage>
<colUsage columnID="FCDAEBC6-8F55-3DF1-56DF-CE8104E6DA99"/>
</indexColumnUsage>
</ind_PK_UK>
<ind_PK_UK id="B415EEE6-7FC9-FAF8-124B-2D5388590CFE" name="Employees_Employees_FK">
<createdBy>sergi</createdBy>
<createdTime>2020-10-30 09:45:14 UTC</createdTime>
<generatorID>8E46B718-8288-C8C2-786F-70407FFDE4E6</generatorID>
<ownerDesignName>Diseño Lógico</ownerDesignName>
<indexState>Foreign Key</indexState>
<isSurrogateKey>false</isSurrogateKey>
<indexColumnUsage>
<colUsage columnID="619051E7-785B-4F47-3161-60B137AC85E1"/>
</indexColumnUsage>
</ind_PK_UK>
</indexes>
</Table>