<?xml version = '1.0' encoding = 'UTF-8'?>
<Table class="oracle.dbtools.crest.model.design.relational.Table" directorySegmentName="seg_0" id="49F4AA86-81F2-21FC-DAA0-33424D4DEC95" name="Categories">
<createdBy>sergi</createdBy>
<createdTime>2020-10-30 09:38:53 UTC</createdTime>
<generatorID>57ED56DC-5CF0-B220-6408-481315D03BA5</generatorID>
<ownerDesignName>Diseño Lógico</ownerDesignName>
<allowColumnReorder>false</allowColumnReorder>
<existDependencyGenerateInDDl>true</existDependencyGenerateInDDl>
<parsed>true</parsed>
<columns itemClass="oracle.dbtools.crest.model.design.relational.Column">
<Column name="CategoryID" id="E1B1D04F-0327-F502-E780-3B270FCD9050">
<createdBy>sergi</createdBy>
<createdTime>2020-10-30 09:38:53 UTC</createdTime>
<generatorID>A149FE2D-8692-AB3B-28C7-E729D77499C5</generatorID>
<ownerDesignName>Diseño Lógico</ownerDesignName>
<useDomainConstraints>false</useDomainConstraints>
<use>1</use>
<logicalDatatype>LOGDT019</logicalDatatype>
<ownDataTypeParameters>,,</ownDataTypeParameters>
<autoIncrementCycle>false</autoIncrementCycle>
</Column>
<Column name="CategoryName" id="47224A82-63B3-5090-5A54-6AF242932288">
<createdBy>sergi</createdBy>
<createdTime>2020-10-30 09:38:53 UTC</createdTime>
<generatorID>26744F8E-25EA-E625-836E-8C0F7216FC4A</generatorID>
<ownerDesignName>Diseño Lógico</ownerDesignName>
<useDomainConstraints>false</useDomainConstraints>
<use>1</use>
<logicalDatatype>LOGDT024</logicalDatatype>
<ownDataTypeParameters>,,</ownDataTypeParameters>
<autoIncrementCycle>false</autoIncrementCycle>
</Column>
<Column name="Description" id="ECDBEBEC-4195-08AF-2C3B-4DDBCA1E9F72">
<createdBy>sergi</createdBy>
<createdTime>2020-10-30 09:38:53 UTC</createdTime>
<generatorID>B28015E3-7DEC-775D-9BBA-9651DC203329</generatorID>
<ownerDesignName>Diseño Lógico</ownerDesignName>
<useDomainConstraints>false</useDomainConstraints>
<use>1</use>
<logicalDatatype>LOGDT024</logicalDatatype>
<ownDataTypeParameters>,,</ownDataTypeParameters>
<autoIncrementCycle>false</autoIncrementCycle>
</Column>
<Column name="Picture" id="19DC6990-554F-A0FC-B3F0-115E81A3423F">
<createdBy>sergi</createdBy>
<createdTime>2020-10-30 09:38:53 UTC</createdTime>
<generatorID>E5FB400C-3BB4-6176-C334-6001BA35F8F1</generatorID>
<ownerDesignName>Diseño Lógico</ownerDesignName>
<useDomainConstraints>false</useDomainConstraints>
<use>1</use>
<logicalDatatype>LOGDT010</logicalDatatype>
<ownDataTypeParameters>,,</ownDataTypeParameters>
<autoIncrementCycle>false</autoIncrementCycle>
</Column>
<Column name="Products_ProductID" id="B651B889-4CB6-D722-BE63-393889C1B926">
<createdBy>sergi</createdBy>
<createdTime>2020-10-30 09:38:53 UTC</createdTime>
<generatorID>1A188343-6C9D-0648-BFFC-26BF2C826CD4</generatorID>
<ownerDesignName>Diseño Lógico</ownerDesignName>
<nullsAllowed>true</nullsAllowed>
<useDomainConstraints>false</useDomainConstraints>
<use>1</use>
<logicalDatatype>LOGDT019</logicalDatatype>
<ownDataTypeParameters>,,</ownDataTypeParameters>
<previousColumn>false</previousColumn>
<autoIncrementCycle>false</autoIncrementCycle>
<associations>
<colAssociation fkAssociation="54B33082-9C94-FECA-2E5E-516E5337172B" referredColumn="C0F3EC71-8A04-39B3-1381-57F990A41B70"/>
</associations>
</Column>
</columns>
<indexes itemClass="oracle.dbtools.crest.model.design.relational.Index">
<ind_PK_UK id="59DC9832-F9D0-B7A6-B6ED-93F9FD89147C" name="Categories_PK">
<createdBy>sergi</createdBy>
<createdTime>2020-10-30 09:38:53 UTC</createdTime>
<generatorID>3766C7D3-AF81-192A-F48F-6FE72B73F22A</generatorID>
<ownerDesignName>Diseño Lógico</ownerDesignName>
<pk>true</pk>
<indexState>Primary Constraint</indexState>
<isSurrogateKey>false</isSurrogateKey>
<indexColumnUsage>
<colUsage columnID="E1B1D04F-0327-F502-E780-3B270FCD9050"/>
</indexColumnUsage>
</ind_PK_UK>
<ind_PK_UK id="E404FF31-7614-41EE-D31F-2CDB625281AA" name="Categories_Products_FK">
<createdBy>sergi</createdBy>
<createdTime>2020-10-30 09:38:53 UTC</createdTime>
<generatorID>2CD562A7-94FD-B8D7-A98F-F512040BB443</generatorID>
<ownerDesignName>Diseño Lógico</ownerDesignName>
<indexState>Foreign Key</indexState>
<isSurrogateKey>false</isSurrogateKey>
<indexColumnUsage>
<colUsage columnID="B651B889-4CB6-D722-BE63-393889C1B926"/>
</indexColumnUsage>
</ind_PK_UK>
</indexes>
</Table>