<?xml version = '1.0' encoding = 'UTF-8'?>
<Table class="oracle.dbtools.crest.model.design.relational.Table" directorySegmentName="seg_0" id="0C727769-9855-7841-3A29-1924925C707F" name="GASTOS">
<createdBy>sergi</createdBy>
<createdTime>2018-11-23 17:14:20 UTC</createdTime>
<generatorID>6BB405E6-1BA8-E67A-601C-6B39C9153D7E</generatorID>
<ownerDesignName>Trabajo final</ownerDesignName>
<allowColumnReorder>false</allowColumnReorder>
<existDependencyGenerateInDDl>true</existDependencyGenerateInDDl>
<parsed>true</parsed>
<columns itemClass="oracle.dbtools.crest.model.design.relational.Column">
<Column name="fecha" id="711E7B6B-334B-3D50-CDDE-632A6C75ACA3">
<createdBy>sergi</createdBy>
<createdTime>2018-11-23 17:14:20 UTC</createdTime>
<generatorID>33D75197-896E-35E2-FC60-665BAFB5C385</generatorID>
<ownerDesignName>Trabajo final</ownerDesignName>
<useDomainConstraints>false</useDomainConstraints>
<use>1</use>
<logicalDatatype>LOGDT007</logicalDatatype>
<ownDataTypeParameters>,,</ownDataTypeParameters>
<autoIncrementCycle>false</autoIncrementCycle>
</Column>
<Column name="numero_pago" id="4943B425-1F24-FFEC-4308-DF7911EE66D7">
<createdBy>sergi</createdBy>
<createdTime>2018-11-23 17:14:20 UTC</createdTime>
<generatorID>4C1EACC5-9E40-E793-4FDD-A603FEB6F7AD</generatorID>
<ownerDesignName>Trabajo final</ownerDesignName>
<useDomainConstraints>false</useDomainConstraints>
<use>1</use>
<logicalDatatype>LOGDT019</logicalDatatype>
<ownDataTypeParameters>,,</ownDataTypeParameters>
<autoIncrementCycle>false</autoIncrementCycle>
</Column>
<Column name="concepto" id="BCC4375A-4AA3-5FE2-14A2-E92EC656010F">
<createdBy>sergi</createdBy>
<createdTime>2018-11-23 17:14:20 UTC</createdTime>
<generatorID>B95EBABB-DB23-6BF2-6C90-F247B25C77D0</generatorID>
<ownerDesignName>Trabajo final</ownerDesignName>
<useDomainConstraints>false</useDomainConstraints>
<use>1</use>
<logicalDatatype>LOGDT024</logicalDatatype>
<dataTypeSize>50</dataTypeSize>
<ownDataTypeParameters>50,,</ownDataTypeParameters>
<autoIncrementCycle>false</autoIncrementCycle>
</Column>
<Column name="importe" id="9C03B954-F6D1-2217-0BC5-C0BD426FB6AF">
<createdBy>sergi</createdBy>
<createdTime>2018-11-23 17:14:20 UTC</createdTime>
<generatorID>4F432FB4-218A-EB0B-34B2-27FA54B8C0E3</generatorID>
<ownerDesignName>Trabajo final</ownerDesignName>
<useDomainConstraints>false</useDomainConstraints>
<use>1</use>
<logicalDatatype>LOGDT019</logicalDatatype>
<ownDataTypeParameters>,,</ownDataTypeParameters>
<autoIncrementCycle>false</autoIncrementCycle>
</Column>
<Column name="PROYECTO_codigo" id="2642A775-C123-D242-9179-B4FFCC2C3846">
<createdBy>sergi</createdBy>
<createdTime>2018-11-23 17:14:20 UTC</createdTime>
<generatorID>526BBBE3-0CD1-1251-ACA7-87A8D1F281D6</generatorID>
<ownerDesignName>Trabajo final</ownerDesignName>
<useDomainConstraints>false</useDomainConstraints>
<use>1</use>
<logicalDatatype>LOGDT019</logicalDatatype>
<ownDataTypeParameters>,,</ownDataTypeParameters>
<previousColumn>false</previousColumn>
<autoIncrementCycle>false</autoIncrementCycle>
<associations>
<colAssociation fkAssociation="E1DBB4EA-0D6D-461C-155B-C5F7B30CE604" referredColumn="F32E7BBA-2A35-4742-B1D3-B94219C23510"/>
</associations>
</Column>
<Column name="BENEFICIARIO_codigo" id="92AFAB2C-3144-2992-6C03-9C9777D8A969">
<createdBy>sergi</createdBy>
<createdTime>2018-11-23 17:14:20 UTC</createdTime>
<generatorID>35FB5040-2A0B-8A9E-3962-F21666BAF452</generatorID>
<ownerDesignName>Trabajo final</ownerDesignName>
<useDomainConstraints>false</useDomainConstraints>
<use>1</use>
<logicalDatatype>LOGDT019</logicalDatatype>
<ownDataTypeParameters>,,</ownDataTypeParameters>
<previousColumn>false</previousColumn>
<autoIncrementCycle>false</autoIncrementCycle>
<associations>
<colAssociation fkAssociation="CB893B25-5279-22C6-5947-726F0F0E1BBB" referredColumn="3EFCDE64-AE36-DEBB-F709-C0F990E39E0F"/>
</associations>
</Column>
<Column name="codigoGasto" id="2119EC99-6CEF-67FB-6E7F-029ACAE3BDA4">
<createdBy>sergi</createdBy>
<createdTime>2018-12-30 11:34:24 UTC</createdTime>
<generatorID>568894FA-D827-2E69-8A12-B9C268D0D618</generatorID>
<ownerDesignName>Trabajo final</ownerDesignName>
<useDomainConstraints>false</useDomainConstraints>
<use>1</use>
<logicalDatatype>LOGDT019</logicalDatatype>
<ownDataTypeParameters>,,</ownDataTypeParameters>
<autoIncrementCycle>false</autoIncrementCycle>
</Column>
</columns>
<indexes itemClass="oracle.dbtools.crest.model.design.relational.Index">
<ind_PK_UK id="A261E21C-003A-633E-823A-3544F269C782" name="GASTOS_PK">
<createdBy>sergi</createdBy>
<createdTime>2018-11-23 17:14:20 UTC</createdTime>
<generatorID>7B8CF894-4482-BE27-E22C-CE1FD7C20583</generatorID>
<ownerDesignName>Trabajo final</ownerDesignName>
<pk>true</pk>
<indexState>Primary Constraint</indexState>
<isSurrogateKey>false</isSurrogateKey>
<indexColumnUsage>
<colUsage columnID="2642A775-C123-D242-9179-B4FFCC2C3846"/>
<colUsage columnID="92AFAB2C-3144-2992-6C03-9C9777D8A969"/>
<colUsage columnID="2119EC99-6CEF-67FB-6E7F-029ACAE3BDA4"/>
</indexColumnUsage>
</ind_PK_UK>
<ind_PK_UK id="303ACA33-7E2E-C144-CBFA-9183070FF056" name="GASTOS_PROYECTO_FK">
<createdBy>sergi</createdBy>
<createdTime>2018-11-23 17:14:20 UTC</createdTime>
<generatorID>A417BD20-861A-3CCC-3B5D-8E0768B4A805</generatorID>
<ownerDesignName>Trabajo final</ownerDesignName>
<indexState>Foreign Key</indexState>
<isSurrogateKey>false</isSurrogateKey>
<indexColumnUsage>
<colUsage columnID="2642A775-C123-D242-9179-B4FFCC2C3846"/>
</indexColumnUsage>
</ind_PK_UK>
<ind_PK_UK id="D7E2FED4-EE06-7380-254A-38C6032B6B56" name="GASTOS_BENEFICIARIO_FK">
<createdBy>sergi</createdBy>
<createdTime>2018-11-23 17:14:20 UTC</createdTime>
<generatorID>8C855C42-D9A2-853D-8ECE-D5759E340C59</generatorID>
<ownerDesignName>Trabajo final</ownerDesignName>
<indexState>Foreign Key</indexState>
<isSurrogateKey>false</isSurrogateKey>
<indexColumnUsage>
<colUsage columnID="92AFAB2C-3144-2992-6C03-9C9777D8A969"/>
</indexColumnUsage>
</ind_PK_UK>
</indexes>
</Table>