<?xml version = '1.0' encoding = 'UTF-8'?>
<Table class="oracle.dbtools.crest.model.design.relational.Table" directorySegmentName="seg_0" id="1360A383-9BDF-7659-B582-052F9CA02180" name="Realizan">
<createdBy>sergi</createdBy>
<createdTime>2018-12-30 11:59:26 UTC</createdTime>
<ownerDesignName>Trabajo final</ownerDesignName>
<allowColumnReorder>false</allowColumnReorder>
<existDependencyGenerateInDDl>true</existDependencyGenerateInDDl>
<parsed>true</parsed>
<columns itemClass="oracle.dbtools.crest.model.design.relational.Column">
<Column name="TAREAS_nombre" id="1D379E37-8B4C-00BA-9F71-7760D1F144ED">
<createdBy>sergi</createdBy>
<createdTime>2018-12-30 11:59:26 UTC</createdTime>
<ownerDesignName>Trabajo final</ownerDesignName>
<useDomainConstraints>false</useDomainConstraints>
<use>1</use>
<logicalDatatype>LOGDT024</logicalDatatype>
<dataTypeSize>50</dataTypeSize>
<ownDataTypeParameters>,,</ownDataTypeParameters>
<previousColumn>false</previousColumn>
<autoIncrementCycle>false</autoIncrementCycle>
<associations>
<colAssociation fkAssociation="70A2956A-BF11-E877-4AC3-D42559184BD9" referredColumn="289E9D7E-4D27-C64C-C461-2CCE7A475C67"/>
</associations>
</Column>
<Column name="RESIDENTE_codigo" id="5F4889A9-F210-3CD9-A16E-52C9AB800B1F">
<createdBy>sergi</createdBy>
<createdTime>2018-12-30 11:59:27 UTC</createdTime>
<ownerDesignName>Trabajo final</ownerDesignName>
<useDomainConstraints>false</useDomainConstraints>
<use>1</use>
<logicalDatatype>LOGDT019</logicalDatatype>
<ownDataTypeParameters>,,</ownDataTypeParameters>
<previousColumn>false</previousColumn>
<autoIncrementCycle>false</autoIncrementCycle>
<associations>
<colAssociation fkAssociation="23119B1B-FDB3-664B-B950-D93B59B99C08" referredColumn="FAF49E62-2BE0-E3BA-0048-0F789C25FB9D"/>
</associations>
</Column>
</columns>
<indexes itemClass="oracle.dbtools.crest.model.design.relational.Index">
<ind_PK_UK id="2EFFAF4B-4DF3-B938-134B-9154EAE73E9B" name="Realizan_PK">
<createdBy>sergi</createdBy>
<createdTime>2018-12-30 11:59:26 UTC</createdTime>
<ownerDesignName>Trabajo final</ownerDesignName>
<pk>true</pk>
<indexState>Primary Constraint</indexState>
<isSurrogateKey>false</isSurrogateKey>
<indexColumnUsage>
<colUsage columnID="1D379E37-8B4C-00BA-9F71-7760D1F144ED"/>
<colUsage columnID="5F4889A9-F210-3CD9-A16E-52C9AB800B1F"/>
</indexColumnUsage>
</ind_PK_UK>
<ind_PK_UK id="78F134C7-24A8-82E4-3943-8BDB98FDCB73" name="Realizan_TAREAS_FK">
<createdBy>sergi</createdBy>
<createdTime>2018-12-30 11:59:26 UTC</createdTime>
<generatorID>48CBA5D9-4C35-3C8F-B80C-B89062F8F0C9</generatorID>
<ownerDesignName>Trabajo final</ownerDesignName>
<indexState>Foreign Key</indexState>
<isSurrogateKey>false</isSurrogateKey>
<indexColumnUsage>
<colUsage columnID="1D379E37-8B4C-00BA-9F71-7760D1F144ED"/>
</indexColumnUsage>
</ind_PK_UK>
<ind_PK_UK id="D43C3BDF-2B99-081C-3D94-85C9FFDB1842" name="Realizan_RESIDENTE_FK">
<createdBy>sergi</createdBy>
<createdTime>2018-12-30 11:59:26 UTC</createdTime>
<generatorID>48CBA5D9-4C35-3C8F-B80C-B89062F8F0C9</generatorID>
<ownerDesignName>Trabajo final</ownerDesignName>
<indexState>Foreign Key</indexState>
<isSurrogateKey>false</isSurrogateKey>
<indexColumnUsage>
<colUsage columnID="5F4889A9-F210-3CD9-A16E-52C9AB800B1F"/>
</indexColumnUsage>
</ind_PK_UK>
</indexes>
</Table>