<?xml version = '1.0' encoding = 'UTF-8'?>
<Table class="oracle.dbtools.crest.model.design.relational.Table" directorySegmentName="seg_0" id="223C5E9E-D60F-F406-4E7E-059080FDBC95" name="Reciben">
<createdBy>sergi</createdBy>
<createdTime>2019-01-08 12:42:04 UTC</createdTime>
<ownerDesignName>proyecto acoes</ownerDesignName>
<allowColumnReorder>false</allowColumnReorder>
<existDependencyGenerateInDDl>true</existDependencyGenerateInDDl>
<parsed>true</parsed>
<columns itemClass="oracle.dbtools.crest.model.design.relational.Column">
<Column name="BENEFICIARIO_codigo" id="34E45AC9-70E7-51D4-4425-3F65C89A3729">
<createdBy>sergi</createdBy>
<createdTime>2019-01-08 12:42:04 UTC</createdTime>
<ownerDesignName>proyecto acoes</ownerDesignName>
<useDomainConstraints>false</useDomainConstraints>
<use>1</use>
<logicalDatatype>LOGDT019</logicalDatatype>
<ownDataTypeParameters>,,</ownDataTypeParameters>
<previousColumn>false</previousColumn>
<autoIncrementCycle>false</autoIncrementCycle>
<associations>
<colAssociation fkAssociation="E02C5A90-B176-169A-DA7F-922105B970B7" referredColumn="3EFCDE64-AE36-DEBB-F709-C0F990E39E0F"/>
</associations>
</Column>
<Column name="ENVIOS_codigo" id="C02D44A3-1A4D-C49F-8650-9CA6733D9CA5">
<createdBy>sergi</createdBy>
<createdTime>2019-01-08 12:42:04 UTC</createdTime>
<ownerDesignName>proyecto acoes</ownerDesignName>
<useDomainConstraints>false</useDomainConstraints>
<use>1</use>
<logicalDatatype>LOGDT019</logicalDatatype>
<ownDataTypeParameters>,,</ownDataTypeParameters>
<previousColumn>false</previousColumn>
<autoIncrementCycle>false</autoIncrementCycle>
<associations>
<colAssociation fkAssociation="0475A940-4B46-48A2-C2E3-3DA6E8137766" referredColumn="15F0D0A8-95BE-1EA9-714F-745F65CFCC4B"/>
</associations>
</Column>
</columns>
<indexes itemClass="oracle.dbtools.crest.model.design.relational.Index">
<ind_PK_UK id="468DEB09-A45A-0080-06E5-F797A3EAF16F" name="Reciben_PK">
<createdBy>sergi</createdBy>
<createdTime>2019-01-08 12:42:04 UTC</createdTime>
<ownerDesignName>proyecto acoes</ownerDesignName>
<pk>true</pk>
<indexState>Primary Constraint</indexState>
<isSurrogateKey>false</isSurrogateKey>
<indexColumnUsage>
<colUsage columnID="34E45AC9-70E7-51D4-4425-3F65C89A3729"/>
<colUsage columnID="C02D44A3-1A4D-C49F-8650-9CA6733D9CA5"/>
</indexColumnUsage>
</ind_PK_UK>
<ind_PK_UK id="C5BF7659-1A12-5FA7-85FC-611E94D3D77A" name="Reciben_BENEFICIARIO_FK">
<createdBy>sergi</createdBy>
<createdTime>2019-01-08 12:42:04 UTC</createdTime>
<generatorID>998F9661-9F43-E34A-7433-B1E505DC938F</generatorID>
<ownerDesignName>proyecto acoes</ownerDesignName>
<indexState>Foreign Key</indexState>
<isSurrogateKey>false</isSurrogateKey>
<indexColumnUsage>
<colUsage columnID="34E45AC9-70E7-51D4-4425-3F65C89A3729"/>
</indexColumnUsage>
</ind_PK_UK>
<ind_PK_UK id="1A5DCFFD-C4DA-7B05-6D24-DD1972A68F37" name="Reciben_ENVIOS_FK">
<createdBy>sergi</createdBy>
<createdTime>2019-01-08 12:42:04 UTC</createdTime>
<generatorID>998F9661-9F43-E34A-7433-B1E505DC938F</generatorID>
<ownerDesignName>proyecto acoes</ownerDesignName>
<indexState>Foreign Key</indexState>
<isSurrogateKey>false</isSurrogateKey>
<indexColumnUsage>
<colUsage columnID="C02D44A3-1A4D-C49F-8650-9CA6733D9CA5"/>
</indexColumnUsage>
</ind_PK_UK>
</indexes>
</Table>