<?xml version = '1.0' encoding = 'UTF-8'?>
<Table class="oracle.dbtools.crest.model.design.relational.Table" directorySegmentName="seg_0" id="2CA180C8-3788-B42A-3A50-69D61E38A799" name="PROYECTO">
<createdBy>sergi</createdBy>
<createdTime>2018-11-23 17:14:20 UTC</createdTime>
<generatorID>A5C2C158-E656-F827-9CC9-C2B9468E21DE</generatorID>
<ownerDesignName>Trabajo final</ownerDesignName>
<allowColumnReorder>false</allowColumnReorder>
<existDependencyGenerateInDDl>true</existDependencyGenerateInDDl>
<parsed>true</parsed>
<columns itemClass="oracle.dbtools.crest.model.design.relational.Column">
<Column name="codigo" id="F32E7BBA-2A35-4742-B1D3-B94219C23510">
<createdBy>sergi</createdBy>
<createdTime>2018-11-23 17:14:20 UTC</createdTime>
<generatorID>AE82C08C-E0BE-7924-BC69-12B571CBEDB7</generatorID>
<ownerDesignName>Trabajo final</ownerDesignName>
<useDomainConstraints>false</useDomainConstraints>
<use>1</use>
<logicalDatatype>LOGDT019</logicalDatatype>
<ownDataTypeParameters>,,</ownDataTypeParameters>
<autoIncrementCycle>false</autoIncrementCycle>
</Column>
<Column name="nombre" id="7BF7B900-350B-0A4A-6001-8E67D44F9B90">
<createdBy>sergi</createdBy>
<createdTime>2018-11-23 17:14:20 UTC</createdTime>
<generatorID>79A2C1F3-077D-E9CB-DE1F-76AFACFBFBD5</generatorID>
<ownerDesignName>Trabajo final</ownerDesignName>
<useDomainConstraints>false</useDomainConstraints>
<use>1</use>
<logicalDatatype>LOGDT024</logicalDatatype>
<dataTypeSize>50</dataTypeSize>
<ownDataTypeParameters>50,,</ownDataTypeParameters>
<autoIncrementCycle>false</autoIncrementCycle>
</Column>
<Column name="porcentaje_combustible" id="5F72D7B8-68B0-B215-7681-49CDB34886B3">
<createdBy>sergi</createdBy>
<createdTime>2018-11-23 17:14:20 UTC</createdTime>
<generatorID>EB62128B-391F-F61C-4CD4-3FFC00B5989D</generatorID>
<ownerDesignName>Trabajo final</ownerDesignName>
<useDomainConstraints>false</useDomainConstraints>
<use>1</use>
<logicalDatatype>LOGDT019</logicalDatatype>
<ownDataTypeParameters>,,</ownDataTypeParameters>
<autoIncrementCycle>false</autoIncrementCycle>
</Column>
<Column name="porcentaje_mantenimiento" id="2625B34D-D0F2-79DC-2417-756B4AC9125B">
<createdBy>sergi</createdBy>
<createdTime>2018-11-23 17:14:20 UTC</createdTime>
<generatorID>FCDB43CB-D591-4800-E23A-CE92BD6DCB54</generatorID>
<ownerDesignName>Trabajo final</ownerDesignName>
<useDomainConstraints>false</useDomainConstraints>
<use>1</use>
<logicalDatatype>LOGDT019</logicalDatatype>
<ownDataTypeParameters>,,</ownDataTypeParameters>
<autoIncrementCycle>false</autoIncrementCycle>
</Column>
<Column name="porcentaje_contenedores" id="1A9F019C-285A-7E16-B845-7E554C9F6CE4">
<createdBy>sergi</createdBy>
<createdTime>2018-11-23 17:14:20 UTC</createdTime>
<generatorID>096CB687-D979-BAE3-03A9-1846F7C5303A</generatorID>
<ownerDesignName>Trabajo final</ownerDesignName>
<useDomainConstraints>false</useDomainConstraints>
<use>1</use>
<logicalDatatype>LOGDT019</logicalDatatype>
<ownDataTypeParameters>,,</ownDataTypeParameters>
<autoIncrementCycle>false</autoIncrementCycle>
</Column>
<Column name="fecha_inicio" id="29F88A56-1968-D9AE-BBD9-A41CE217691B">
<createdBy>sergi</createdBy>
<createdTime>2018-11-23 17:14:20 UTC</createdTime>
<generatorID>1309D8DC-0091-DE8C-1384-BC4D43EF6EDB</generatorID>
<ownerDesignName>Trabajo final</ownerDesignName>
<useDomainConstraints>false</useDomainConstraints>
<use>1</use>
<logicalDatatype>LOGDT007</logicalDatatype>
<ownDataTypeParameters>,,</ownDataTypeParameters>
<autoIncrementCycle>false</autoIncrementCycle>
</Column>
<Column name="fecha_fin" id="0389CAE4-AEA3-953B-5131-2DAFD3D0FFBB">
<createdBy>sergi</createdBy>
<createdTime>2018-11-23 17:14:20 UTC</createdTime>
<generatorID>1FB726E7-641A-D45A-D389-9D49E3A12E15</generatorID>
<ownerDesignName>Trabajo final</ownerDesignName>
<nullsAllowed>true</nullsAllowed>
<useDomainConstraints>false</useDomainConstraints>
<use>1</use>
<logicalDatatype>LOGDT007</logicalDatatype>
<ownDataTypeParameters>,,</ownDataTypeParameters>
<autoIncrementCycle>false</autoIncrementCycle>
</Column>
<Column name="descripción" id="22A538BB-CF13-DFBE-704E-6A3458B5F446">
<createdBy>sergi</createdBy>
<createdTime>2018-11-23 17:14:20 UTC</createdTime>
<generatorID>667B865B-FD77-F559-A5EC-1C00D788DC84</generatorID>
<ownerDesignName>Trabajo final</ownerDesignName>
<useDomainConstraints>false</useDomainConstraints>
<use>1</use>
<logicalDatatype>LOGDT024</logicalDatatype>
<dataTypeSize>700</dataTypeSize>
<ownDataTypeParameters>700,,</ownDataTypeParameters>
<autoIncrementCycle>false</autoIncrementCycle>
</Column>
</columns>
<indexes itemClass="oracle.dbtools.crest.model.design.relational.Index">
<ind_PK_UK id="9FF6C69E-FEF7-A0B7-5307-555FEBDC0158" name="PROYECTO_PK">
<createdBy>sergi</createdBy>
<createdTime>2018-11-23 17:14:20 UTC</createdTime>
<generatorID>ACD9420F-9EDE-D11A-640A-C2DF5FCC4F29</generatorID>
<ownerDesignName>Trabajo final</ownerDesignName>
<pk>true</pk>
<indexState>Primary Constraint</indexState>
<isSurrogateKey>false</isSurrogateKey>
<indexColumnUsage>
<colUsage columnID="F32E7BBA-2A35-4742-B1D3-B94219C23510"/>
</indexColumnUsage>
</ind_PK_UK>
</indexes>
</Table>