<?xml version = '1.0' encoding = 'UTF-8'?>
<Table class="oracle.dbtools.crest.model.design.relational.Table" directorySegmentName="seg_0" id="2D6B7974-951E-A4CB-2A3F-F50ED3FAB293" name="Hacen_llegar">
<createdBy>sergi</createdBy>
<createdTime>2019-01-08 12:42:04 UTC</createdTime>
<ownerDesignName>proyecto acoes</ownerDesignName>
<allowColumnReorder>false</allowColumnReorder>
<existDependencyGenerateInDDl>true</existDependencyGenerateInDDl>
<parsed>true</parsed>
<columns itemClass="oracle.dbtools.crest.model.design.relational.Column">
<Column name="ENVIOS_codigo" id="B0E908B9-7951-4B92-2494-E2B43F9F97AD">
<createdBy>sergi</createdBy>
<createdTime>2019-01-08 12:42:04 UTC</createdTime>
<ownerDesignName>proyecto acoes</ownerDesignName>
<useDomainConstraints>false</useDomainConstraints>
<use>1</use>
<logicalDatatype>LOGDT019</logicalDatatype>
<ownDataTypeParameters>,,</ownDataTypeParameters>
<previousColumn>false</previousColumn>
<autoIncrementCycle>false</autoIncrementCycle>
<associations>
<colAssociation fkAssociation="C7CEF009-4A67-9D79-D111-4FEF8CEAC56B" referredColumn="15F0D0A8-95BE-1EA9-714F-745F65CFCC4B"/>
</associations>
</Column>
<Column name="SOCIO_codigo" id="DD61EB21-0B6D-4F35-B0A8-88AE146DB313">
<createdBy>sergi</createdBy>
<createdTime>2019-01-08 12:42:04 UTC</createdTime>
<ownerDesignName>proyecto acoes</ownerDesignName>
<useDomainConstraints>false</useDomainConstraints>
<use>1</use>
<logicalDatatype>LOGDT019</logicalDatatype>
<ownDataTypeParameters>,,</ownDataTypeParameters>
<previousColumn>false</previousColumn>
<autoIncrementCycle>false</autoIncrementCycle>
<associations>
<colAssociation fkAssociation="22C2FBEE-2D87-B1EB-484D-E9E77D13C13B" referredColumn="292C112D-B7DF-27A9-6543-E94EF4C4F37D"/>
</associations>
</Column>
</columns>
<indexes itemClass="oracle.dbtools.crest.model.design.relational.Index">
<ind_PK_UK id="CC25137D-D5AC-42FB-67A2-B9106DC87A0F" name="Hacen_llegar_PK">
<createdBy>sergi</createdBy>
<createdTime>2019-01-08 12:42:04 UTC</createdTime>
<ownerDesignName>proyecto acoes</ownerDesignName>
<pk>true</pk>
<indexState>Primary Constraint</indexState>
<isSurrogateKey>false</isSurrogateKey>
<indexColumnUsage>
<colUsage columnID="B0E908B9-7951-4B92-2494-E2B43F9F97AD"/>
<colUsage columnID="DD61EB21-0B6D-4F35-B0A8-88AE146DB313"/>
</indexColumnUsage>
</ind_PK_UK>
<ind_PK_UK id="2DB3EBFC-CF71-79A2-0D3F-E3453EB53FCB" name="Hacen_llegar_ENVIOS_FK">
<createdBy>sergi</createdBy>
<createdTime>2019-01-08 12:42:04 UTC</createdTime>
<generatorID>FAB7DC26-B902-F1E7-870C-68C057EDB0F1</generatorID>
<ownerDesignName>proyecto acoes</ownerDesignName>
<indexState>Foreign Key</indexState>
<isSurrogateKey>false</isSurrogateKey>
<indexColumnUsage>
<colUsage columnID="B0E908B9-7951-4B92-2494-E2B43F9F97AD"/>
</indexColumnUsage>
</ind_PK_UK>
<ind_PK_UK id="D572DEA1-F5F7-C094-8CAD-115E9F360DE5" name="Hacen_llegar_SOCIO_FK">
<createdBy>sergi</createdBy>
<createdTime>2019-01-08 12:42:04 UTC</createdTime>
<generatorID>FAB7DC26-B902-F1E7-870C-68C057EDB0F1</generatorID>
<ownerDesignName>proyecto acoes</ownerDesignName>
<indexState>Foreign Key</indexState>
<isSurrogateKey>false</isSurrogateKey>
<indexColumnUsage>
<colUsage columnID="DD61EB21-0B6D-4F35-B0A8-88AE146DB313"/>
</indexColumnUsage>
</ind_PK_UK>
</indexes>
</Table>