<?xml version = '1.0' encoding = 'UTF-8'?>
<Table class="oracle.dbtools.crest.model.design.relational.Table" directorySegmentName="seg_0" id="56A63745-0E83-7B38-2FD0-4580D344660F" name="TAREAS">
<createdBy>sergi</createdBy>
<createdTime>2018-11-23 17:14:20 UTC</createdTime>
<generatorID>1E35E737-69D5-62C1-1BE3-6C92D6861667</generatorID>
<ownerDesignName>Trabajo final</ownerDesignName>
<allowColumnReorder>false</allowColumnReorder>
<existDependencyGenerateInDDl>true</existDependencyGenerateInDDl>
<parsed>true</parsed>
<columns itemClass="oracle.dbtools.crest.model.design.relational.Column">
<Column name="nombre" id="289E9D7E-4D27-C64C-C461-2CCE7A475C67">
<createdBy>sergi</createdBy>
<createdTime>2018-11-23 17:14:20 UTC</createdTime>
<generatorID>DCCEB62C-025F-A8AB-E9BA-49B8419A9783</generatorID>
<ownerDesignName>Trabajo final</ownerDesignName>
<useDomainConstraints>false</useDomainConstraints>
<use>1</use>
<logicalDatatype>LOGDT024</logicalDatatype>
<dataTypeSize>50</dataTypeSize>
<ownDataTypeParameters>50,,</ownDataTypeParameters>
<autoIncrementCycle>false</autoIncrementCycle>
</Column>
</columns>
<indexes itemClass="oracle.dbtools.crest.model.design.relational.Index">
<ind_PK_UK id="5BFB7EE3-7686-E293-00E3-EA1A9675BE93" name="TAREAS_PK">
<createdBy>sergi</createdBy>
<createdTime>2018-11-23 17:14:20 UTC</createdTime>
<generatorID>C61D7AB4-286F-2425-D536-9A5A3EF402EA</generatorID>
<ownerDesignName>Trabajo final</ownerDesignName>
<pk>true</pk>
<indexState>Primary Constraint</indexState>
<isSurrogateKey>false</isSurrogateKey>
<indexColumnUsage>
<colUsage columnID="289E9D7E-4D27-C64C-C461-2CCE7A475C67"/>
</indexColumnUsage>
</ind_PK_UK>
</indexes>
</Table>