<?xml version = '1.0' encoding = 'UTF-8'?>
<Table class="oracle.dbtools.crest.model.design.relational.Table" directorySegmentName="seg_0" id="6040A89A-6CD4-7318-7AB8-66E1F7BB5331" name="ENVIOS">
<createdBy>sergi</createdBy>
<createdTime>2019-01-08 12:42:04 UTC</createdTime>
<generatorID>2BC3D519-4A7A-72C1-8EB0-F39000DF4E7F</generatorID>
<ownerDesignName>proyecto acoes</ownerDesignName>
<allowColumnReorder>false</allowColumnReorder>
<existDependencyGenerateInDDl>true</existDependencyGenerateInDDl>
<parsed>true</parsed>
<columns itemClass="oracle.dbtools.crest.model.design.relational.Column">
<Column name="codigo" id="15F0D0A8-95BE-1EA9-714F-745F65CFCC4B">
<createdBy>sergi</createdBy>
<createdTime>2019-01-08 12:42:04 UTC</createdTime>
<generatorID>599A990C-FEE5-0102-DD51-49C19BC17000</generatorID>
<ownerDesignName>proyecto acoes</ownerDesignName>
<useDomainConstraints>false</useDomainConstraints>
<use>1</use>
<logicalDatatype>LOGDT019</logicalDatatype>
<ownDataTypeParameters>,,</ownDataTypeParameters>
<autoIncrementCycle>false</autoIncrementCycle>
</Column>
<Column name="tipo" id="197025D6-AC41-14C7-5417-169033CF5560">
<createdBy>sergi</createdBy>
<createdTime>2019-01-08 12:42:04 UTC</createdTime>
<generatorID>EFCF3C83-B3D3-F8F0-62A2-CE2344DB39C4</generatorID>
<ownerDesignName>proyecto acoes</ownerDesignName>
<useDomainConstraints>false</useDomainConstraints>
<use>1</use>
<logicalDatatype>LOGDT024</logicalDatatype>
<dataTypeSize>50</dataTypeSize>
<ownDataTypeParameters>50,,</ownDataTypeParameters>
<autoIncrementCycle>false</autoIncrementCycle>
</Column>
<Column name="emisor" id="5D406136-A2B4-8CDC-7745-399EFBC17E72">
<createdBy>sergi</createdBy>
<createdTime>2019-01-08 12:42:04 UTC</createdTime>
<generatorID>0315AAD9-7EF8-7C19-DAF5-F0A216C40F90</generatorID>
<ownerDesignName>proyecto acoes</ownerDesignName>
<useDomainConstraints>false</useDomainConstraints>
<use>1</use>
<logicalDatatype>LOGDT024</logicalDatatype>
<dataTypeSize>50</dataTypeSize>
<ownDataTypeParameters>50,,</ownDataTypeParameters>
<autoIncrementCycle>false</autoIncrementCycle>
</Column>
<Column name="destinatario" id="D3EFA2B9-7D78-B026-7627-82D416DAEB65">
<createdBy>sergi</createdBy>
<createdTime>2019-01-08 12:42:04 UTC</createdTime>
<generatorID>110D3CEE-BD76-A25B-9866-2C61B810D493</generatorID>
<ownerDesignName>proyecto acoes</ownerDesignName>
<useDomainConstraints>false</useDomainConstraints>
<use>1</use>
<logicalDatatype>LOGDT024</logicalDatatype>
<dataTypeSize>50</dataTypeSize>
<ownDataTypeParameters>50,,</ownDataTypeParameters>
<autoIncrementCycle>false</autoIncrementCycle>
</Column>
</columns>
<indexes itemClass="oracle.dbtools.crest.model.design.relational.Index">
<ind_PK_UK id="86798B83-4716-8B87-C8EE-7155542E7E20" name="ENVIOS_PK">
<createdBy>sergi</createdBy>
<createdTime>2019-01-08 12:42:04 UTC</createdTime>
<generatorID>42A66D3F-6E97-4774-E9C3-66C16E42F431</generatorID>
<ownerDesignName>proyecto acoes</ownerDesignName>
<pk>true</pk>
<indexState>Primary Constraint</indexState>
<isSurrogateKey>false</isSurrogateKey>
<indexColumnUsage>
<colUsage columnID="15F0D0A8-95BE-1EA9-714F-745F65CFCC4B"/>
</indexColumnUsage>
</ind_PK_UK>
</indexes>
</Table>