<?xml version = '1.0' encoding = 'UTF-8'?>
<Table class="oracle.dbtools.crest.model.design.relational.Table" directorySegmentName="seg_0" id="A13C2DA8-3050-095E-1B8B-06D5942E7A06" name="INGRESOS">
<createdBy>sergi</createdBy>
<createdTime>2018-11-23 17:14:20 UTC</createdTime>
<generatorID>BCCF35AC-B40B-FDD7-B29D-24DDCEFA09BF</generatorID>
<ownerDesignName>Trabajo final</ownerDesignName>
<allowColumnReorder>false</allowColumnReorder>
<existDependencyGenerateInDDl>true</existDependencyGenerateInDDl>
<parsed>true</parsed>
<columns itemClass="oracle.dbtools.crest.model.design.relational.Column">
<Column name="fecha" id="085B5553-A71C-3A4B-ACFD-5C6616DA9A69">
<createdBy>sergi</createdBy>
<createdTime>2018-11-23 17:14:20 UTC</createdTime>
<generatorID>3C9B9A2F-43CA-C270-8790-6AE6CDCCDE2A</generatorID>
<ownerDesignName>Trabajo final</ownerDesignName>
<useDomainConstraints>false</useDomainConstraints>
<use>1</use>
<logicalDatatype>LOGDT007</logicalDatatype>
<ownDataTypeParameters>,,</ownDataTypeParameters>
<autoIncrementCycle>false</autoIncrementCycle>
</Column>
<Column name="descripcion" id="71A6EEB3-4D80-6B54-EF10-ED8E55D34A2F">
<createdBy>sergi</createdBy>
<createdTime>2018-11-23 17:14:20 UTC</createdTime>
<generatorID>F2247F0A-0D94-BC88-E4C5-4A6D015C0102</generatorID>
<ownerDesignName>Trabajo final</ownerDesignName>
<useDomainConstraints>false</useDomainConstraints>
<use>1</use>
<logicalDatatype>LOGDT024</logicalDatatype>
<dataTypeSize>50</dataTypeSize>
<ownDataTypeParameters>50,,</ownDataTypeParameters>
<autoIncrementCycle>false</autoIncrementCycle>
</Column>
<Column name="ingresos_€" id="431777A7-CC81-FCEC-9A99-D016B221E0A4">
<createdBy>sergi</createdBy>
<createdTime>2018-11-23 17:14:20 UTC</createdTime>
<generatorID>252740FB-6A2D-5E83-9BDE-E5E6DC3E30B7</generatorID>
<ownerDesignName>Trabajo final</ownerDesignName>
<useDomainConstraints>false</useDomainConstraints>
<use>1</use>
<logicalDatatype>LOGDT019</logicalDatatype>
<ownDataTypeParameters>,,</ownDataTypeParameters>
<autoIncrementCycle>false</autoIncrementCycle>
</Column>
<Column name="ingresos_L" id="F2B70D75-4543-EDA7-B867-2586D88043D9">
<createdBy>sergi</createdBy>
<createdTime>2018-11-23 17:14:20 UTC</createdTime>
<generatorID>0F575EAC-8768-09EB-0B3D-397291B76E38</generatorID>
<ownerDesignName>Trabajo final</ownerDesignName>
<useDomainConstraints>false</useDomainConstraints>
<use>1</use>
<logicalDatatype>LOGDT019</logicalDatatype>
<ownDataTypeParameters>,,</ownDataTypeParameters>
<autoIncrementCycle>false</autoIncrementCycle>
</Column>
<Column name="egresos_€" id="DEBD7A99-3E24-2726-EB90-EA20E0659A93">
<createdBy>sergi</createdBy>
<createdTime>2018-11-23 17:14:20 UTC</createdTime>
<generatorID>C7662204-1DAD-5325-005B-FE4DD10789C6</generatorID>
<ownerDesignName>Trabajo final</ownerDesignName>
<useDomainConstraints>false</useDomainConstraints>
<use>1</use>
<logicalDatatype>LOGDT019</logicalDatatype>
<ownDataTypeParameters>,,</ownDataTypeParameters>
<autoIncrementCycle>false</autoIncrementCycle>
</Column>
<Column name="egresos_L" id="93496BBF-6AF7-A84F-8003-F17516F73D0B">
<createdBy>sergi</createdBy>
<createdTime>2018-11-23 17:14:20 UTC</createdTime>
<generatorID>D98C6529-9882-3957-3BE1-6218ABF98707</generatorID>
<ownerDesignName>Trabajo final</ownerDesignName>
<useDomainConstraints>false</useDomainConstraints>
<use>1</use>
<logicalDatatype>LOGDT019</logicalDatatype>
<ownDataTypeParameters>,,</ownDataTypeParameters>
<autoIncrementCycle>false</autoIncrementCycle>
</Column>
<Column name="total_L" id="D0790F48-B27F-DE63-1C6F-D1618800A42E">
<createdBy>sergi</createdBy>
<createdTime>2018-11-23 17:14:20 UTC</createdTime>
<generatorID>CDF514BC-9BCA-2410-C0CA-7F8312A08524</generatorID>
<ownerDesignName>Trabajo final</ownerDesignName>
<useDomainConstraints>false</useDomainConstraints>
<use>1</use>
<logicalDatatype>LOGDT019</logicalDatatype>
<ownDataTypeParameters>,,</ownDataTypeParameters>
<autoIncrementCycle>false</autoIncrementCycle>
</Column>
<Column name="SOCIO_codigo" id="892B359E-55A2-C864-0A93-FD7F9C60BFEC">
<createdBy>sergi</createdBy>
<createdTime>2018-11-23 17:14:20 UTC</createdTime>
<generatorID>6E489498-10DC-6E05-433A-20C66C1C16CD</generatorID>
<ownerDesignName>Trabajo final</ownerDesignName>
<useDomainConstraints>false</useDomainConstraints>
<use>1</use>
<logicalDatatype>LOGDT019</logicalDatatype>
<ownDataTypeParameters>,,</ownDataTypeParameters>
<previousColumn>false</previousColumn>
<autoIncrementCycle>false</autoIncrementCycle>
<associations>
<colAssociation fkAssociation="CABF2C59-8B6F-B2E2-3A8B-1EFBC320079B" referredColumn="292C112D-B7DF-27A9-6543-E94EF4C4F37D"/>
</associations>
</Column>
<Column name="PROYECTO_codigo" id="DA28B823-C3B4-2001-7AAD-1C0E4476F553">
<createdBy>sergi</createdBy>
<createdTime>2018-11-23 17:14:20 UTC</createdTime>
<generatorID>C849B544-B5B5-E814-B4A1-2CA2DB473893</generatorID>
<ownerDesignName>Trabajo final</ownerDesignName>
<useDomainConstraints>false</useDomainConstraints>
<use>1</use>
<logicalDatatype>LOGDT019</logicalDatatype>
<ownDataTypeParameters>,,</ownDataTypeParameters>
<previousColumn>false</previousColumn>
<autoIncrementCycle>false</autoIncrementCycle>
<associations>
<colAssociation fkAssociation="F457C2FE-AB6D-BC00-C7DF-B1C3F38CBE18" referredColumn="F32E7BBA-2A35-4742-B1D3-B94219C23510"/>
</associations>
</Column>
<Column name="codigoIngreso" id="35E83619-389F-0B76-013F-27056F97C738">
<createdBy>sergi</createdBy>
<createdTime>2018-12-30 11:34:24 UTC</createdTime>
<generatorID>CB2D5A24-7550-25B1-7D60-BAACF3C1EFDE</generatorID>
<ownerDesignName>Trabajo final</ownerDesignName>
<useDomainConstraints>false</useDomainConstraints>
<use>1</use>
<logicalDatatype>LOGDT019</logicalDatatype>
<ownDataTypeParameters>,,</ownDataTypeParameters>
<autoIncrementCycle>false</autoIncrementCycle>
</Column>
</columns>
<indexes itemClass="oracle.dbtools.crest.model.design.relational.Index">
<ind_PK_UK id="BCFBAB09-C992-41A5-4A98-80C43908EB42" name="INGRESOS_PK">
<createdBy>sergi</createdBy>
<createdTime>2018-11-23 17:14:20 UTC</createdTime>
<generatorID>77994F4B-0390-7AE9-C495-EA14ACA1D088</generatorID>
<ownerDesignName>Trabajo final</ownerDesignName>
<pk>true</pk>
<indexState>Primary Constraint</indexState>
<isSurrogateKey>false</isSurrogateKey>
<indexColumnUsage>
<colUsage columnID="892B359E-55A2-C864-0A93-FD7F9C60BFEC"/>
<colUsage columnID="DA28B823-C3B4-2001-7AAD-1C0E4476F553"/>
<colUsage columnID="35E83619-389F-0B76-013F-27056F97C738"/>
</indexColumnUsage>
</ind_PK_UK>
<ind_PK_UK id="9B8900AD-2CBC-2049-1109-14831543EAA6" name="INGRESOS_SOCIO_FK">
<createdBy>sergi</createdBy>
<createdTime>2018-11-23 17:14:20 UTC</createdTime>
<generatorID>10217543-1311-5874-57E3-006FD27C99A8</generatorID>
<ownerDesignName>Trabajo final</ownerDesignName>
<indexState>Foreign Key</indexState>
<isSurrogateKey>false</isSurrogateKey>
<indexColumnUsage>
<colUsage columnID="892B359E-55A2-C864-0A93-FD7F9C60BFEC"/>
</indexColumnUsage>
</ind_PK_UK>
<ind_PK_UK id="4F8F6828-968F-A4BD-4662-ABBD6434489A" name="INGRESOS_PROYECTO_FK">
<createdBy>sergi</createdBy>
<createdTime>2018-11-23 17:14:20 UTC</createdTime>
<generatorID>105D89EB-B8AA-D59B-DBA4-A5BCAA36FF84</generatorID>
<ownerDesignName>Trabajo final</ownerDesignName>
<indexState>Foreign Key</indexState>
<isSurrogateKey>false</isSurrogateKey>
<indexColumnUsage>
<colUsage columnID="DA28B823-C3B4-2001-7AAD-1C0E4476F553"/>
</indexColumnUsage>
</ind_PK_UK>
</indexes>
</Table>