<?xml version = '1.0' encoding = 'UTF-8'?>
<Table class="oracle.dbtools.crest.model.design.relational.Table" directorySegmentName="seg_0" id="B6707B6F-B7E1-12B6-D76A-CD3B7131BF81" name="Trabaja">
<createdBy>sergi</createdBy>
<createdTime>2018-11-23 17:14:20 UTC</createdTime>
<ownerDesignName>Trabajo final</ownerDesignName>
<allowColumnReorder>false</allowColumnReorder>
<existDependencyGenerateInDDl>true</existDependencyGenerateInDDl>
<parsed>true</parsed>
<columns itemClass="oracle.dbtools.crest.model.design.relational.Column">
<Column name="PROYECTO_codigo" id="F9B7BEE5-9F1B-DDFC-4396-115BD37DA33D">
<createdBy>sergi</createdBy>
<createdTime>2018-11-23 17:14:20 UTC</createdTime>
<ownerDesignName>Trabajo final</ownerDesignName>
<useDomainConstraints>false</useDomainConstraints>
<use>1</use>
<logicalDatatype>LOGDT019</logicalDatatype>
<ownDataTypeParameters>,,</ownDataTypeParameters>
<previousColumn>false</previousColumn>
<autoIncrementCycle>false</autoIncrementCycle>
<associations>
<colAssociation fkAssociation="4C10A023-CA26-724A-3B3F-1690CD39BDF7" referredColumn="F32E7BBA-2A35-4742-B1D3-B94219C23510"/>
</associations>
</Column>
<Column name="PERSONAL_identificador" id="65812F08-848D-7EB6-5AA7-45F14EE88B3B">
<createdBy>sergi</createdBy>
<createdTime>2018-11-23 17:14:20 UTC</createdTime>
<ownerDesignName>Trabajo final</ownerDesignName>
<useDomainConstraints>false</useDomainConstraints>
<use>1</use>
<logicalDatatype>LOGDT019</logicalDatatype>
<ownDataTypeParameters>,,</ownDataTypeParameters>
<previousColumn>false</previousColumn>
<autoIncrementCycle>false</autoIncrementCycle>
<associations>
<colAssociation fkAssociation="B4BF8D2B-ED3C-720B-4EC4-9BCBCE556CA4" referredColumn="5B8643EB-6329-7887-AF52-3B71127C612F"/>
</associations>
</Column>
</columns>
<indexes itemClass="oracle.dbtools.crest.model.design.relational.Index">
<ind_PK_UK id="085F525F-A975-1966-D2DC-E6333EA5D71F" name="Relation_20_PK">
<createdBy>sergi</createdBy>
<createdTime>2018-11-23 17:14:20 UTC</createdTime>
<ownerDesignName>Trabajo final</ownerDesignName>
<pk>true</pk>
<indexState>Primary Constraint</indexState>
<isSurrogateKey>false</isSurrogateKey>
<indexColumnUsage>
<colUsage columnID="F9B7BEE5-9F1B-DDFC-4396-115BD37DA33D"/>
<colUsage columnID="65812F08-848D-7EB6-5AA7-45F14EE88B3B"/>
</indexColumnUsage>
</ind_PK_UK>
<ind_PK_UK id="86BE31FD-7A75-D489-3D6B-7796388CABD3" name="Relation_20_PROYECTO_FK">
<createdBy>sergi</createdBy>
<createdTime>2018-11-23 17:14:20 UTC</createdTime>
<generatorID>BA6C8E94-BF87-76DF-1319-09BC1B7B48AF</generatorID>
<ownerDesignName>Trabajo final</ownerDesignName>
<indexState>Foreign Key</indexState>
<isSurrogateKey>false</isSurrogateKey>
<indexColumnUsage>
<colUsage columnID="F9B7BEE5-9F1B-DDFC-4396-115BD37DA33D"/>
</indexColumnUsage>
</ind_PK_UK>
<ind_PK_UK id="4D19235C-3A1C-D3BD-726C-93A03F2E80ED" name="Relation_20_PERSONAL_FK">
<createdBy>sergi</createdBy>
<createdTime>2018-11-23 17:14:20 UTC</createdTime>
<generatorID>BA6C8E94-BF87-76DF-1319-09BC1B7B48AF</generatorID>
<ownerDesignName>Trabajo final</ownerDesignName>
<indexState>Foreign Key</indexState>
<isSurrogateKey>false</isSurrogateKey>
<indexColumnUsage>
<colUsage columnID="65812F08-848D-7EB6-5AA7-45F14EE88B3B"/>
</indexColumnUsage>
</ind_PK_UK>
</indexes>
</Table>