<?xml version = '1.0' encoding = 'UTF-8'?>
<Table class="oracle.dbtools.crest.model.design.relational.Table" directorySegmentName="seg_0" id="C49BD839-AA17-68DF-CA38-93ED9037932A" name="BENEFICIARIO">
<createdBy>sergi</createdBy>
<createdTime>2018-11-23 17:14:20 UTC</createdTime>
<generatorID>8BD891E7-B3CC-5EFF-B0C6-CF9D55559012</generatorID>
<ownerDesignName>Trabajo final</ownerDesignName>
<allowColumnReorder>false</allowColumnReorder>
<existDependencyGenerateInDDl>true</existDependencyGenerateInDDl>
<parsed>true</parsed>
<columns itemClass="oracle.dbtools.crest.model.design.relational.Column">
<Column name="codigo" id="3EFCDE64-AE36-DEBB-F709-C0F990E39E0F">
<createdBy>sergi</createdBy>
<createdTime>2018-11-23 17:14:20 UTC</createdTime>
<generatorID>D912413A-3F10-BF40-F564-72EB5B4BA64B</generatorID>
<ownerDesignName>Trabajo final</ownerDesignName>
<useDomainConstraints>false</useDomainConstraints>
<use>1</use>
<logicalDatatype>LOGDT019</logicalDatatype>
<ownDataTypeParameters>,,</ownDataTypeParameters>
<autoIncrementCycle>false</autoIncrementCycle>
</Column>
<Column name="nombre" id="B024B5D0-A9DE-9656-55B2-048ACA93D1D9">
<createdBy>sergi</createdBy>
<createdTime>2018-11-23 17:14:20 UTC</createdTime>
<generatorID>576173B3-E9F6-154A-0ECB-E10E1741E3BE</generatorID>
<ownerDesignName>Trabajo final</ownerDesignName>
<useDomainConstraints>false</useDomainConstraints>
<use>1</use>
<logicalDatatype>LOGDT024</logicalDatatype>
<dataTypeSize>50</dataTypeSize>
<ownDataTypeParameters>50,,</ownDataTypeParameters>
<autoIncrementCycle>false</autoIncrementCycle>
</Column>
<Column name="apellidos" id="8233B2BE-727F-7838-4900-7964191696E0">
<createdBy>sergi</createdBy>
<createdTime>2018-11-23 17:14:20 UTC</createdTime>
<generatorID>2980415C-ECEC-30B1-3C07-5175AF7B265E</generatorID>
<ownerDesignName>Trabajo final</ownerDesignName>
<useDomainConstraints>false</useDomainConstraints>
<use>1</use>
<logicalDatatype>LOGDT024</logicalDatatype>
<dataTypeSize>50</dataTypeSize>
<ownDataTypeParameters>50,,</ownDataTypeParameters>
<autoIncrementCycle>false</autoIncrementCycle>
</Column>
<Column name="DNI" id="E875F7A7-BA1B-CA59-A024-8054E4EA13D8">
<createdBy>sergi</createdBy>
<createdTime>2018-11-23 17:14:20 UTC</createdTime>
<generatorID>F102C5FE-C472-16CB-8069-608833A7DC43</generatorID>
<ownerDesignName>Trabajo final</ownerDesignName>
<useDomainConstraints>false</useDomainConstraints>
<use>1</use>
<logicalDatatype>LOGDT019</logicalDatatype>
<dataTypePrecision>50</dataTypePrecision>
<ownDataTypeParameters>,50,</ownDataTypeParameters>
<autoIncrementCycle>false</autoIncrementCycle>
</Column>
<Column name="fecha_nacimiento" id="1DBCB57D-DDBD-0DD7-07BC-54F7A6F8D4A9">
<createdBy>sergi</createdBy>
<createdTime>2018-11-23 17:14:20 UTC</createdTime>
<generatorID>9A6C83D8-E8CE-6AC2-2C02-AA53375B2839</generatorID>
<ownerDesignName>Trabajo final</ownerDesignName>
<useDomainConstraints>false</useDomainConstraints>
<use>1</use>
<logicalDatatype>LOGDT024</logicalDatatype>
<dataTypeSize>50</dataTypeSize>
<ownDataTypeParameters>50,,</ownDataTypeParameters>
<autoIncrementCycle>false</autoIncrementCycle>
</Column>
<Column name="nombre_responsable" id="1F54BB4F-94A7-180B-4E2D-1B2FF1746610">
<createdBy>sergi</createdBy>
<createdTime>2018-11-23 17:14:20 UTC</createdTime>
<generatorID>AC904D89-FEB1-E266-162A-BF71DA75B78D</generatorID>
<ownerDesignName>Trabajo final</ownerDesignName>
<useDomainConstraints>false</useDomainConstraints>
<use>1</use>
<logicalDatatype>LOGDT024</logicalDatatype>
<dataTypeSize>50</dataTypeSize>
<ownDataTypeParameters>50,,</ownDataTypeParameters>
<autoIncrementCycle>false</autoIncrementCycle>
</Column>
<Column name="tipo_beneficiario" id="02B8DD0B-CF43-9737-4DD9-42D592294392">
<createdBy>sergi</createdBy>
<createdTime>2018-11-23 17:14:20 UTC</createdTime>
<generatorID>1F77A5ED-AF7A-7F02-87EA-862FF27BCF28</generatorID>
<ownerDesignName>Trabajo final</ownerDesignName>
<useDomainConstraints>false</useDomainConstraints>
<use>1</use>
<logicalDatatype>LOGDT024</logicalDatatype>
<dataTypeSize>50</dataTypeSize>
<ownDataTypeParameters>50,,</ownDataTypeParameters>
<autoIncrementCycle>false</autoIncrementCycle>
</Column>
<Column name="numero_cuenta" id="1AE62DD7-C659-B1F3-7C48-FFFB6F399DD5">
<createdBy>sergi</createdBy>
<createdTime>2018-11-23 17:14:20 UTC</createdTime>
<generatorID>1ECD53AE-EC8C-D680-0A5D-B7A5B7424B9A</generatorID>
<ownerDesignName>Trabajo final</ownerDesignName>
<useDomainConstraints>false</useDomainConstraints>
<use>1</use>
<logicalDatatype>LOGDT019</logicalDatatype>
<dataTypePrecision>50</dataTypePrecision>
<ownDataTypeParameters>,50,</ownDataTypeParameters>
<autoIncrementCycle>false</autoIncrementCycle>
</Column>
<Column name="observaciones" id="96048EAB-52FF-C5C6-AFF4-86B2BA24FAA3">
<createdBy>sergi</createdBy>
<createdTime>2018-11-23 17:14:20 UTC</createdTime>
<generatorID>4E5CC1C5-9EFE-8E8A-6D5E-6302F08F5FBE</generatorID>
<ownerDesignName>Trabajo final</ownerDesignName>
<nullsAllowed>true</nullsAllowed>
<useDomainConstraints>false</useDomainConstraints>
<use>1</use>
<logicalDatatype>LOGDT024</logicalDatatype>
<dataTypeSize>50</dataTypeSize>
<ownDataTypeParameters>50,,</ownDataTypeParameters>
<autoIncrementCycle>false</autoIncrementCycle>
</Column>
<Column name="foto" id="5B925FF5-6886-BC69-4CDB-981900FC78D6">
<createdBy>sergi</createdBy>
<createdTime>2018-11-23 17:14:20 UTC</createdTime>
<generatorID>A92DA2C6-6F7D-21D7-260A-496B8FC120DF</generatorID>
<ownerDesignName>Trabajo final</ownerDesignName>
<nullsAllowed>true</nullsAllowed>
<useDomainConstraints>false</useDomainConstraints>
<use>1</use>
<logicalDatatype>LOGDT010</logicalDatatype>
<ownDataTypeParameters>,,</ownDataTypeParameters>
<autoIncrementCycle>false</autoIncrementCycle>
</Column>
<Column name="fecha_entrada_ACOES" id="6480D556-7706-8100-BF10-4C164D95ADCE">
<createdBy>sergi</createdBy>
<createdTime>2018-11-23 17:14:20 UTC</createdTime>
<generatorID>8387F42B-8AFF-C0EA-FDBD-656374FE501B</generatorID>
<ownerDesignName>Trabajo final</ownerDesignName>
<useDomainConstraints>false</useDomainConstraints>
<use>1</use>
<logicalDatatype>LOGDT007</logicalDatatype>
<ownDataTypeParameters>,,</ownDataTypeParameters>
<autoIncrementCycle>false</autoIncrementCycle>
</Column>
<Column name="curso_grado" id="5F39E072-CCF5-0006-0658-B5437DF90B34">
<createdBy>sergi</createdBy>
<createdTime>2018-11-23 17:14:20 UTC</createdTime>
<generatorID>DB0C9246-0403-DDB7-C29E-E0ECD8C344A8</generatorID>
<ownerDesignName>Trabajo final</ownerDesignName>
<nullsAllowed>true</nullsAllowed>
<useDomainConstraints>false</useDomainConstraints>
<use>1</use>
<logicalDatatype>LOGDT019</logicalDatatype>
<ownDataTypeParameters>,,</ownDataTypeParameters>
<autoIncrementCycle>false</autoIncrementCycle>
</Column>
<Column name="sexo" id="1D52D958-88CF-DF2E-61F2-628E4329FF89">
<createdBy>sergi</createdBy>
<createdTime>2018-11-23 17:14:20 UTC</createdTime>
<generatorID>4140BE44-3027-D94D-373B-794B7DA2EF71</generatorID>
<ownerDesignName>Trabajo final</ownerDesignName>
<useDomainConstraints>false</useDomainConstraints>
<use>1</use>
<logicalDatatype>LOGDT024</logicalDatatype>
<ownDataTypeParameters>,,</ownDataTypeParameters>
<autoIncrementCycle>false</autoIncrementCycle>
</Column>
<Column name="comunidad_procedencia" id="3296AD6C-4216-BAB7-3873-2C70D2061C00">
<createdBy>sergi</createdBy>
<createdTime>2018-11-23 17:14:20 UTC</createdTime>
<generatorID>3DAFC851-D5FA-0454-45C0-AA10FC3D727A</generatorID>
<ownerDesignName>Trabajo final</ownerDesignName>
<useDomainConstraints>false</useDomainConstraints>
<use>1</use>
<logicalDatatype>LOGDT024</logicalDatatype>
<dataTypeSize>50</dataTypeSize>
<ownDataTypeParameters>50,,</ownDataTypeParameters>
<autoIncrementCycle>false</autoIncrementCycle>
</Column>
</columns>
<indexes itemClass="oracle.dbtools.crest.model.design.relational.Index">
<ind_PK_UK id="8D240493-7008-D248-9A25-72E879E01F89" name="BENEFICIARIO_PK">
<createdBy>sergi</createdBy>
<createdTime>2018-11-23 17:14:20 UTC</createdTime>
<generatorID>15A4BC46-596F-FC69-7378-0B0F3B302C2C</generatorID>
<ownerDesignName>Trabajo final</ownerDesignName>
<pk>true</pk>
<indexState>Primary Constraint</indexState>
<isSurrogateKey>false</isSurrogateKey>
<indexColumnUsage>
<colUsage columnID="3EFCDE64-AE36-DEBB-F709-C0F990E39E0F"/>
</indexColumnUsage>
</ind_PK_UK>
</indexes>
</Table>