<?xml version = '1.0' encoding = 'UTF-8'?>
<Table class="oracle.dbtools.crest.model.design.relational.Table" directorySegmentName="seg_0" id="D1023E78-4411-2DA5-1E37-60B2BCEA81FD" name="Existen">
<createdBy>sergi</createdBy>
<createdTime>2018-12-30 11:59:26 UTC</createdTime>
<ownerDesignName>Trabajo final</ownerDesignName>
<allowColumnReorder>false</allowColumnReorder>
<existDependencyGenerateInDDl>true</existDependencyGenerateInDDl>
<parsed>true</parsed>
<columns itemClass="oracle.dbtools.crest.model.design.relational.Column">
<Column name="TAREAS_nombre" id="6473FFFF-B5FE-132F-037A-CCE0E1FE2C51">
<createdBy>sergi</createdBy>
<createdTime>2018-12-30 11:59:26 UTC</createdTime>
<ownerDesignName>Trabajo final</ownerDesignName>
<useDomainConstraints>false</useDomainConstraints>
<use>1</use>
<logicalDatatype>LOGDT024</logicalDatatype>
<dataTypeSize>50</dataTypeSize>
<ownDataTypeParameters>,,</ownDataTypeParameters>
<previousColumn>false</previousColumn>
<autoIncrementCycle>false</autoIncrementCycle>
<associations>
<colAssociation fkAssociation="141E0228-A243-7412-B2D3-5E9673B4EB78" referredColumn="289E9D7E-4D27-C64C-C461-2CCE7A475C67"/>
</associations>
</Column>
<Column name="POPULORUM_codigo" id="4E8D5C5A-7C43-6599-0D72-147D6E7FDD2B">
<createdBy>sergi</createdBy>
<createdTime>2018-12-30 11:59:26 UTC</createdTime>
<ownerDesignName>Trabajo final</ownerDesignName>
<useDomainConstraints>false</useDomainConstraints>
<use>1</use>
<logicalDatatype>LOGDT019</logicalDatatype>
<ownDataTypeParameters>,,</ownDataTypeParameters>
<previousColumn>false</previousColumn>
<autoIncrementCycle>false</autoIncrementCycle>
<associations>
<colAssociation fkAssociation="0A38AE5D-3E92-9F99-D68A-56B56279F40A" referredColumn="A51CC8EC-36E6-8692-C9BE-9C143DF8227D"/>
</associations>
</Column>
</columns>
<indexes itemClass="oracle.dbtools.crest.model.design.relational.Index">
<ind_PK_UK id="0CFF66B5-9852-01C3-73EE-BA327156321D" name="Existen_PK">
<createdBy>sergi</createdBy>
<createdTime>2018-12-30 11:59:26 UTC</createdTime>
<ownerDesignName>Trabajo final</ownerDesignName>
<pk>true</pk>
<indexState>Primary Constraint</indexState>
<isSurrogateKey>false</isSurrogateKey>
<indexColumnUsage>
<colUsage columnID="6473FFFF-B5FE-132F-037A-CCE0E1FE2C51"/>
<colUsage columnID="4E8D5C5A-7C43-6599-0D72-147D6E7FDD2B"/>
</indexColumnUsage>
</ind_PK_UK>
<ind_PK_UK id="FC4A0B43-CE8D-B38D-9DBC-04912E734E92" name="Existen_TAREAS_FK">
<createdBy>sergi</createdBy>
<createdTime>2018-12-30 11:59:26 UTC</createdTime>
<generatorID>936ADA2B-8723-5978-B10B-2D0FEF13B90D</generatorID>
<ownerDesignName>Trabajo final</ownerDesignName>
<indexState>Foreign Key</indexState>
<isSurrogateKey>false</isSurrogateKey>
<indexColumnUsage>
<colUsage columnID="6473FFFF-B5FE-132F-037A-CCE0E1FE2C51"/>
</indexColumnUsage>
</ind_PK_UK>
<ind_PK_UK id="5C88B412-71C2-EF92-77C6-4B353E358438" name="Existen_POPULORUM_FK">
<createdBy>sergi</createdBy>
<createdTime>2018-12-30 11:59:26 UTC</createdTime>
<generatorID>936ADA2B-8723-5978-B10B-2D0FEF13B90D</generatorID>
<ownerDesignName>Trabajo final</ownerDesignName>
<indexState>Foreign Key</indexState>
<isSurrogateKey>false</isSurrogateKey>
<indexColumnUsage>
<colUsage columnID="4E8D5C5A-7C43-6599-0D72-147D6E7FDD2B"/>
</indexColumnUsage>
</ind_PK_UK>
</indexes>
</Table>