<?xml version = '1.0' encoding = 'UTF-8'?>
<Table class="oracle.dbtools.crest.model.design.relational.Table" directorySegmentName="seg_0" id="D58CDEB2-A828-DF01-66FA-993BE9ABD3AF" name="CENTRO">
<createdBy>sergi</createdBy>
<createdTime>2018-11-23 17:14:20 UTC</createdTime>
<generatorID>EA3273D5-2E6D-6B58-19E2-5C7D96F361DF</generatorID>
<ownerDesignName>proyecto acoes</ownerDesignName>
<allowColumnReorder>false</allowColumnReorder>
<existDependencyGenerateInDDl>true</existDependencyGenerateInDDl>
<parsed>true</parsed>
<columns itemClass="oracle.dbtools.crest.model.design.relational.Column">
<Column name="codigo" id="3BF7AC93-F554-ED90-9671-0D4B75A06C4C">
<createdBy>sergi</createdBy>
<createdTime>2018-11-23 17:14:20 UTC</createdTime>
<generatorID>D3A99D2E-9DDF-7A3A-5238-F192A3E11640</generatorID>
<ownerDesignName>proyecto acoes</ownerDesignName>
<useDomainConstraints>false</useDomainConstraints>
<use>1</use>
<logicalDatatype>LOGDT019</logicalDatatype>
<ownDataTypeParameters>,,</ownDataTypeParameters>
<autoIncrementCycle>false</autoIncrementCycle>
</Column>
<Column name="nombre" id="2732B998-0BCD-F530-000B-427D4E3C7518">
<createdBy>sergi</createdBy>
<createdTime>2018-11-23 17:14:20 UTC</createdTime>
<generatorID>81218D30-466A-F12A-F2E8-0E6DE1AFC454</generatorID>
<ownerDesignName>proyecto acoes</ownerDesignName>
<useDomainConstraints>false</useDomainConstraints>
<use>1</use>
<logicalDatatype>LOGDT024</logicalDatatype>
<dataTypeSize>50</dataTypeSize>
<ownDataTypeParameters>50,,</ownDataTypeParameters>
<autoIncrementCycle>false</autoIncrementCycle>
</Column>
<Column name="direccion" id="8D10A48C-1E04-D4B4-D48C-395BD5863F5F">
<createdBy>sergi</createdBy>
<createdTime>2018-11-23 17:14:20 UTC</createdTime>
<generatorID>F7223F37-8E03-1389-10AA-DB9AEB38EE00</generatorID>
<ownerDesignName>proyecto acoes</ownerDesignName>
<useDomainConstraints>false</useDomainConstraints>
<use>1</use>
<logicalDatatype>LOGDT024</logicalDatatype>
<dataTypeSize>50</dataTypeSize>
<ownDataTypeParameters>50,,</ownDataTypeParameters>
<autoIncrementCycle>false</autoIncrementCycle>
</Column>
<Column name="telefono" id="8C49ECFF-8F4A-0F57-00B7-1021D682EFAE">
<createdBy>sergi</createdBy>
<createdTime>2018-11-23 17:14:20 UTC</createdTime>
<generatorID>1A8A59EE-1864-958F-21B0-1FBAF403DC20</generatorID>
<ownerDesignName>proyecto acoes</ownerDesignName>
<useDomainConstraints>false</useDomainConstraints>
<use>1</use>
<logicalDatatype>LOGDT019</logicalDatatype>
<ownDataTypeParameters>,,</ownDataTypeParameters>
<autoIncrementCycle>false</autoIncrementCycle>
</Column>
<Column name="correo" id="C8B6A751-1CF8-24B7-53F3-033D159811AD">
<createdBy>sergi</createdBy>
<createdTime>2018-11-23 17:14:20 UTC</createdTime>
<generatorID>CBC108D5-DFC4-9A01-483C-BBC81BF418CD</generatorID>
<ownerDesignName>proyecto acoes</ownerDesignName>
<useDomainConstraints>false</useDomainConstraints>
<use>1</use>
<logicalDatatype>LOGDT024</logicalDatatype>
<dataTypeSize>50</dataTypeSize>
<ownDataTypeParameters>50,,</ownDataTypeParameters>
<autoIncrementCycle>false</autoIncrementCycle>
</Column>
<Column name="codigo_postal" id="FD457A89-2FCE-9058-852D-68DA6C98C83C">
<createdBy>sergi</createdBy>
<createdTime>2018-11-23 17:14:20 UTC</createdTime>
<generatorID>F82F4E21-266F-1D2C-6966-159A38719656</generatorID>
<ownerDesignName>proyecto acoes</ownerDesignName>
<useDomainConstraints>false</useDomainConstraints>
<use>1</use>
<logicalDatatype>LOGDT024</logicalDatatype>
<dataTypeSize>50</dataTypeSize>
<ownDataTypeParameters>50,,</ownDataTypeParameters>
<autoIncrementCycle>false</autoIncrementCycle>
</Column>
<Column name="municipio" id="4DC35761-26D9-94CB-97A1-C03E8F249246">
<createdBy>sergi</createdBy>
<createdTime>2018-11-23 17:14:20 UTC</createdTime>
<generatorID>12433361-296D-995F-743E-6403EE0DCD6D</generatorID>
<ownerDesignName>proyecto acoes</ownerDesignName>
<useDomainConstraints>false</useDomainConstraints>
<use>1</use>
<logicalDatatype>LOGDT024</logicalDatatype>
<dataTypeSize>50</dataTypeSize>
<ownDataTypeParameters>50,,</ownDataTypeParameters>
<autoIncrementCycle>false</autoIncrementCycle>
</Column>
<Column name="provincia" id="DCE30016-1602-E1A1-EA3D-0E1942206F4A">
<createdBy>sergi</createdBy>
<createdTime>2018-11-23 17:14:20 UTC</createdTime>
<generatorID>513E2C11-45D7-9CAD-6C6D-4960389D6C00</generatorID>
<ownerDesignName>proyecto acoes</ownerDesignName>
<useDomainConstraints>false</useDomainConstraints>
<use>1</use>
<logicalDatatype>LOGDT024</logicalDatatype>
<dataTypeSize>50</dataTypeSize>
<ownDataTypeParameters>50,,</ownDataTypeParameters>
<autoIncrementCycle>false</autoIncrementCycle>
</Column>
<Column name="capacidad" id="47659B33-5F9B-19DE-BB14-AC8AE74FF842">
<createdBy>sergi</createdBy>
<createdTime>2018-11-23 17:14:20 UTC</createdTime>
<generatorID>A701640A-F06F-42E0-D0EF-9F5F9DB8C782</generatorID>
<ownerDesignName>proyecto acoes</ownerDesignName>
<useDomainConstraints>false</useDomainConstraints>
<use>1</use>
<logicalDatatype>LOGDT019</logicalDatatype>
<ownDataTypeParameters>,,</ownDataTypeParameters>
<autoIncrementCycle>false</autoIncrementCycle>
</Column>
<Column name="aforo" id="12CD6C69-87BD-DE5B-5F09-771B792E79D5">
<createdBy>sergi</createdBy>
<createdTime>2018-11-23 17:14:20 UTC</createdTime>
<generatorID>5F888322-53F3-8DFA-0FD0-2F522D75AD7A</generatorID>
<ownerDesignName>proyecto acoes</ownerDesignName>
<useDomainConstraints>false</useDomainConstraints>
<use>1</use>
<logicalDatatype>LOGDT019</logicalDatatype>
<ownDataTypeParameters>,,</ownDataTypeParameters>
<autoIncrementCycle>false</autoIncrementCycle>
</Column>
<Column name="director" id="502528FD-28D6-8D48-426D-2BC890B6B8C5">
<createdBy>sergi</createdBy>
<createdTime>2018-11-23 17:14:20 UTC</createdTime>
<generatorID>CA5FDB16-E3E6-C104-5B5E-521896A4E991</generatorID>
<ownerDesignName>proyecto acoes</ownerDesignName>
<useDomainConstraints>false</useDomainConstraints>
<use>1</use>
<logicalDatatype>LOGDT024</logicalDatatype>
<dataTypeSize>50</dataTypeSize>
<ownDataTypeParameters>50,,</ownDataTypeParameters>
<autoIncrementCycle>false</autoIncrementCycle>
</Column>
<Column name="fecha_apertura" id="788ED19C-10D6-9FFA-34BB-B67A2CD12075">
<createdBy>sergi</createdBy>
<createdTime>2018-11-23 17:14:20 UTC</createdTime>
<generatorID>22F45ABF-4C04-4116-F06A-2E9BD6DD5464</generatorID>
<ownerDesignName>proyecto acoes</ownerDesignName>
<useDomainConstraints>false</useDomainConstraints>
<use>1</use>
<logicalDatatype>LOGDT007</logicalDatatype>
<ownDataTypeParameters>,,</ownDataTypeParameters>
<autoIncrementCycle>false</autoIncrementCycle>
</Column>
<Column name="PROYECTO_codigo" id="CD3E1D00-39C0-5B43-34EC-1037934B21EF">
<createdBy>sergi</createdBy>
<createdTime>2018-11-23 17:14:20 UTC</createdTime>
<generatorID>993C5F8F-DB69-CF63-1971-C1A5D3FC90E3</generatorID>
<ownerDesignName>proyecto acoes</ownerDesignName>
<nullsAllowed>true</nullsAllowed>
<useDomainConstraints>false</useDomainConstraints>
<use>1</use>
<logicalDatatype>LOGDT019</logicalDatatype>
<ownDataTypeParameters>,,</ownDataTypeParameters>
<previousColumn>false</previousColumn>
<autoIncrementCycle>false</autoIncrementCycle>
<associations>
<colAssociation fkAssociation="B8A138C5-D860-E21E-73CB-B587E619DB12" referredColumn="F32E7BBA-2A35-4742-B1D3-B94219C23510"/>
</associations>
</Column>
<Column name="tipo_centro" id="A4043734-CEC5-E9FC-A0B5-48E52042E19E">
<createdBy>sergi</createdBy>
<createdTime>2019-01-08 12:42:04 UTC</createdTime>
<generatorID>5BECB739-3C71-F714-2C9F-64433698CF60</generatorID>
<ownerDesignName>proyecto acoes</ownerDesignName>
<useDomainConstraints>false</useDomainConstraints>
<use>1</use>
<logicalDatatype>LOGDT024</logicalDatatype>
<dataTypeSize>50</dataTypeSize>
<ownDataTypeParameters>50,,</ownDataTypeParameters>
<autoIncrementCycle>false</autoIncrementCycle>
</Column>
</columns>
<indexes itemClass="oracle.dbtools.crest.model.design.relational.Index">
<ind_PK_UK id="BF7464CC-F3B6-94C3-4A6E-A8A9663CD885" name="CENTRO_PK">
<createdBy>sergi</createdBy>
<createdTime>2018-11-23 17:14:20 UTC</createdTime>
<generatorID>4AC51503-0BB2-A2D3-6CD0-3C4B4A0E3C7A</generatorID>
<ownerDesignName>proyecto acoes</ownerDesignName>
<pk>true</pk>
<indexState>Primary Constraint</indexState>
<isSurrogateKey>false</isSurrogateKey>
<indexColumnUsage>
<colUsage columnID="3BF7AC93-F554-ED90-9671-0D4B75A06C4C"/>
</indexColumnUsage>
</ind_PK_UK>
<ind_PK_UK id="89127D3A-2D73-DFB1-57BF-23626D72D80A" name="CENTRO_PROYECTO_FK">
<createdBy>sergi</createdBy>
<createdTime>2018-11-23 17:14:20 UTC</createdTime>
<generatorID>20D4982C-6301-C561-EF84-F8950CE3E18C</generatorID>
<ownerDesignName>proyecto acoes</ownerDesignName>
<indexState>Foreign Key</indexState>
<isSurrogateKey>false</isSurrogateKey>
<indexColumnUsage>
<colUsage columnID="CD3E1D00-39C0-5B43-34EC-1037934B21EF"/>
</indexColumnUsage>
</ind_PK_UK>
</indexes>
</Table>