<?xml version = '1.0' encoding = 'UTF-8'?>
<Table class="oracle.dbtools.crest.model.design.relational.Table" directorySegmentName="seg_0" id="D69C7207-ACF8-680E-EF13-5F6228B4A99A" name="POPULORUM">
<createdBy>sergi</createdBy>
<createdTime>2018-11-23 17:14:20 UTC</createdTime>
<generatorID>A88534E2-9A97-7F27-CA14-68606A50F4D8</generatorID>
<ownerDesignName>Trabajo final</ownerDesignName>
<allowColumnReorder>false</allowColumnReorder>
<existDependencyGenerateInDDl>true</existDependencyGenerateInDDl>
<parsed>true</parsed>
<columns itemClass="oracle.dbtools.crest.model.design.relational.Column">
<Column name="numero_habitaciones" id="37245BD8-2CF9-86B6-877A-45D317006135">
<createdBy>sergi</createdBy>
<createdTime>2018-11-23 17:14:20 UTC</createdTime>
<generatorID>8646DF01-767A-9756-77AA-1F341CCB3437</generatorID>
<ownerDesignName>Trabajo final</ownerDesignName>
<useDomainConstraints>false</useDomainConstraints>
<use>1</use>
<logicalDatatype>LOGDT019</logicalDatatype>
<ownDataTypeParameters>,,</ownDataTypeParameters>
<autoIncrementCycle>false</autoIncrementCycle>
</Column>
<Column name="tareas" id="43A4BBDC-856B-4A8C-CA30-7192EFCE3604">
<createdBy>sergi</createdBy>
<createdTime>2018-11-23 17:14:20 UTC</createdTime>
<generatorID>2F69812D-7C68-E0C9-A7D8-350A72922340</generatorID>
<ownerDesignName>Trabajo final</ownerDesignName>
<useDomainConstraints>false</useDomainConstraints>
<use>1</use>
<logicalDatatype>LOGDT024</logicalDatatype>
<ownDataTypeParameters>,,</ownDataTypeParameters>
<autoIncrementCycle>false</autoIncrementCycle>
</Column>
<Column name="aforo" id="30C5CADC-5DFB-FBD3-B2E5-EF679DDB59A9">
<createdBy>sergi</createdBy>
<createdTime>2018-11-23 17:14:20 UTC</createdTime>
<generatorID>C719BE47-98A7-D0C4-60FC-D5408C8D5CF7</generatorID>
<ownerDesignName>Trabajo final</ownerDesignName>
<useDomainConstraints>false</useDomainConstraints>
<use>1</use>
<logicalDatatype>LOGDT019</logicalDatatype>
<ownDataTypeParameters>,,</ownDataTypeParameters>
<autoIncrementCycle>false</autoIncrementCycle>
</Column>
<Column name="codigo" id="A51CC8EC-36E6-8692-C9BE-9C143DF8227D">
<createdBy>sergi</createdBy>
<createdTime>2018-11-23 17:14:20 UTC</createdTime>
<generatorID>50A950F8-AB73-A215-6BD2-784D01E1D236</generatorID>
<ownerDesignName>Trabajo final</ownerDesignName>
<useDomainConstraints>false</useDomainConstraints>
<use>1</use>
<logicalDatatype>LOGDT019</logicalDatatype>
<ownDataTypeParameters>,,</ownDataTypeParameters>
<autoIncrementCycle>false</autoIncrementCycle>
</Column>
<Column name="nombre" id="76D2266A-4154-F1FE-B0A7-6F679EB95C5C">
<createdBy>sergi</createdBy>
<createdTime>2018-11-23 17:14:20 UTC</createdTime>
<generatorID>BE092B39-4EC1-6C39-4C10-F61B0AFF5B7E</generatorID>
<ownerDesignName>Trabajo final</ownerDesignName>
<useDomainConstraints>false</useDomainConstraints>
<use>1</use>
<logicalDatatype>LOGDT024</logicalDatatype>
<dataTypeSize>50</dataTypeSize>
<ownDataTypeParameters>50,,</ownDataTypeParameters>
<autoIncrementCycle>false</autoIncrementCycle>
</Column>
<Column name="direccion" id="DFE2497C-BD12-73EF-B0A3-77C93D671F6D">
<createdBy>sergi</createdBy>
<createdTime>2018-11-23 17:14:20 UTC</createdTime>
<generatorID>E4DBB9FC-701C-12E9-FE0E-CC6E546A2D66</generatorID>
<ownerDesignName>Trabajo final</ownerDesignName>
<useDomainConstraints>false</useDomainConstraints>
<use>1</use>
<logicalDatatype>LOGDT024</logicalDatatype>
<dataTypeSize>50</dataTypeSize>
<ownDataTypeParameters>50,,</ownDataTypeParameters>
<autoIncrementCycle>false</autoIncrementCycle>
</Column>
<Column name="telefono" id="6F8456DA-CD6E-9423-D0F0-99A08ECD7193">
<createdBy>sergi</createdBy>
<createdTime>2018-11-23 17:14:20 UTC</createdTime>
<generatorID>2EC6A53D-0CD5-C893-247C-4382C7447C41</generatorID>
<ownerDesignName>Trabajo final</ownerDesignName>
<useDomainConstraints>false</useDomainConstraints>
<use>1</use>
<logicalDatatype>LOGDT019</logicalDatatype>
<ownDataTypeParameters>,,</ownDataTypeParameters>
<autoIncrementCycle>false</autoIncrementCycle>
</Column>
<Column name="correo" id="F845109F-1A41-9179-E652-716DB2BC9A17">
<createdBy>sergi</createdBy>
<createdTime>2018-11-23 17:14:20 UTC</createdTime>
<generatorID>35EA3DEF-B217-F8BE-CF4B-DA92FC7E07F5</generatorID>
<ownerDesignName>Trabajo final</ownerDesignName>
<useDomainConstraints>false</useDomainConstraints>
<use>1</use>
<logicalDatatype>LOGDT024</logicalDatatype>
<dataTypeSize>50</dataTypeSize>
<ownDataTypeParameters>50,,</ownDataTypeParameters>
<autoIncrementCycle>false</autoIncrementCycle>
</Column>
<Column name="codigo_postal" id="C6D35D96-1758-0BF2-A17C-543EDB0D399C">
<createdBy>sergi</createdBy>
<createdTime>2018-11-23 17:14:20 UTC</createdTime>
<generatorID>D4DD471B-D7FE-39DD-E77F-139063879E41</generatorID>
<ownerDesignName>Trabajo final</ownerDesignName>
<useDomainConstraints>false</useDomainConstraints>
<use>1</use>
<logicalDatatype>LOGDT024</logicalDatatype>
<dataTypeSize>50</dataTypeSize>
<ownDataTypeParameters>50,,</ownDataTypeParameters>
<autoIncrementCycle>false</autoIncrementCycle>
</Column>
<Column name="municipio" id="F7DCC5EF-836A-CE40-A579-B8D7CB5F5948">
<createdBy>sergi</createdBy>
<createdTime>2018-11-23 17:14:20 UTC</createdTime>
<generatorID>DD4FFCAC-8720-4503-ADFC-E413E3F7E177</generatorID>
<ownerDesignName>Trabajo final</ownerDesignName>
<useDomainConstraints>false</useDomainConstraints>
<use>1</use>
<logicalDatatype>LOGDT024</logicalDatatype>
<dataTypeSize>50</dataTypeSize>
<ownDataTypeParameters>50,,</ownDataTypeParameters>
<autoIncrementCycle>false</autoIncrementCycle>
</Column>
<Column name="provincia" id="2405CEA3-F0C0-548D-EAAC-486CCC2D30E9">
<createdBy>sergi</createdBy>
<createdTime>2018-11-23 17:14:20 UTC</createdTime>
<generatorID>909BAF43-3BA1-713A-E815-F771CEDEAC55</generatorID>
<ownerDesignName>Trabajo final</ownerDesignName>
<useDomainConstraints>false</useDomainConstraints>
<use>1</use>
<logicalDatatype>LOGDT024</logicalDatatype>
<dataTypeSize>50</dataTypeSize>
<ownDataTypeParameters>50,,</ownDataTypeParameters>
<autoIncrementCycle>false</autoIncrementCycle>
</Column>
<Column name="capacidad" id="74692E50-9217-C0E7-A0CF-36416748CA12">
<createdBy>sergi</createdBy>
<createdTime>2018-11-23 17:14:20 UTC</createdTime>
<generatorID>69559FA7-BE92-1EC8-7769-8D2D8E6596A0</generatorID>
<ownerDesignName>Trabajo final</ownerDesignName>
<useDomainConstraints>false</useDomainConstraints>
<use>1</use>
<logicalDatatype>LOGDT019</logicalDatatype>
<ownDataTypeParameters>,,</ownDataTypeParameters>
<autoIncrementCycle>false</autoIncrementCycle>
</Column>
<Column name="responsable" id="EF397497-E9BD-B364-4935-2B89F84F52AC">
<createdBy>sergi</createdBy>
<createdTime>2018-11-23 17:14:20 UTC</createdTime>
<generatorID>8C614429-767D-9335-CED1-409A17D01B16</generatorID>
<ownerDesignName>Trabajo final</ownerDesignName>
<useDomainConstraints>false</useDomainConstraints>
<use>1</use>
<logicalDatatype>LOGDT024</logicalDatatype>
<dataTypeSize>50</dataTypeSize>
<ownDataTypeParameters>50,,</ownDataTypeParameters>
<autoIncrementCycle>false</autoIncrementCycle>
</Column>
<Column name="PROYECTO_codigo" id="5F759032-DEC5-CEBE-4449-3AA5D5C25A80">
<createdBy>sergi</createdBy>
<createdTime>2018-11-23 17:14:20 UTC</createdTime>
<generatorID>D6222078-33C9-7B88-1DCB-C928B3072AA8</generatorID>
<ownerDesignName>Trabajo final</ownerDesignName>
<nullsAllowed>true</nullsAllowed>
<useDomainConstraints>false</useDomainConstraints>
<use>1</use>
<logicalDatatype>LOGDT019</logicalDatatype>
<ownDataTypeParameters>,,</ownDataTypeParameters>
<previousColumn>false</previousColumn>
<autoIncrementCycle>false</autoIncrementCycle>
<associations>
<colAssociation fkAssociation="7A74B22A-39A0-656D-482F-11EAFBAFA056" referredColumn="F32E7BBA-2A35-4742-B1D3-B94219C23510"/>
</associations>
</Column>
</columns>
<indexes itemClass="oracle.dbtools.crest.model.design.relational.Index">
<ind_PK_UK id="B1C2432D-93BF-667D-5210-216E1D6E9AD7" name="POPULORUM_PK">
<createdBy>sergi</createdBy>
<createdTime>2018-11-23 17:14:20 UTC</createdTime>
<generatorID>8EAC5431-8C99-F687-6D54-3D3CB3398A9B</generatorID>
<ownerDesignName>Trabajo final</ownerDesignName>
<pk>true</pk>
<indexState>Primary Constraint</indexState>
<isSurrogateKey>false</isSurrogateKey>
<indexColumnUsage>
<colUsage columnID="A51CC8EC-36E6-8692-C9BE-9C143DF8227D"/>
</indexColumnUsage>
</ind_PK_UK>
<ind_PK_UK id="5074CAAC-FD9D-0749-535F-3A997434F41E" name="POPULORUM_PROYECTO_FK">
<createdBy>sergi</createdBy>
<createdTime>2018-11-23 17:14:20 UTC</createdTime>
<generatorID>29EE4FB5-E3DC-3978-E256-A6DF34973118</generatorID>
<ownerDesignName>Trabajo final</ownerDesignName>
<indexState>Foreign Key</indexState>
<isSurrogateKey>false</isSurrogateKey>
<indexColumnUsage>
<colUsage columnID="5F759032-DEC5-CEBE-4449-3AA5D5C25A80"/>
</indexColumnUsage>
</ind_PK_UK>
</indexes>
</Table>