<?xml version = '1.0' encoding = 'UTF-8'?>
<Entity class="oracle.dbtools.crest.model.design.logical.Entity" directorySegmentName="seg_0" id="17CE97B9-0F7A-4406-3275-9B48F6C5708E" name="Shippers">
<createdBy>sergi</createdBy>
<createdTime>2020-10-29 19:15:17 UTC</createdTime>
<ownerDesignName>Diseño Lógico</ownerDesignName>
<engineerTo>
<item key="29251277-302C-2CC8-E952-9861D043DCF2" value="true"/>
</engineerTo>
<adequatelyNormalized>NO</adequatelyNormalized>
<expectedVolumes>0</expectedVolumes>
<fwdEngineeringStrategyName>Single Table</fwdEngineeringStrategyName>
<growthPercent>0</growthPercent>
<growthType>Year</growthType>
<maxVolumes>9999999</maxVolumes>
<minVolumes>0</minVolumes>
<normalForm>Third</normalForm>
<attributes itemClass="oracle.dbtools.crest.model.design.logical.Attribute">
<Attribute name="ShipperID" id="FB97EB20-1776-9B30-C239-AE5D46A08B1C">
<createdBy>sergi</createdBy>
<createdTime>2020-10-29 19:15:31 UTC</createdTime>
<ownerDesignName>Diseño Lógico</ownerDesignName>
<engineerTo>
<item key="29251277-302C-2CC8-E952-9861D043DCF2" value="true"/>
</engineerTo>
<useDomainConstraints>false</useDomainConstraints>
<use>1</use>
<logicalDatatype>LOGDT019</logicalDatatype>
<ownDataTypeParameters>,,</ownDataTypeParameters>
</Attribute>
<Attribute name="CompanyName" id="9C25127C-B2BC-A125-DA3F-BFAEDBBEB564">
<createdBy>sergi</createdBy>
<createdTime>2020-10-29 19:15:31 UTC</createdTime>
<ownerDesignName>Diseño Lógico</ownerDesignName>
<engineerTo>
<item key="29251277-302C-2CC8-E952-9861D043DCF2" value="true"/>
</engineerTo>
<useDomainConstraints>false</useDomainConstraints>
<use>1</use>
<logicalDatatype>LOGDT024</logicalDatatype>
<ownDataTypeParameters>,,</ownDataTypeParameters>
</Attribute>
<Attribute name="Phone" id="CDF1990D-D02F-7705-F8D9-D5A246E5337B">
<createdBy>sergi</createdBy>
<createdTime>2020-10-29 19:15:31 UTC</createdTime>
<ownerDesignName>Diseño Lógico</ownerDesignName>
<engineerTo>
<item key="29251277-302C-2CC8-E952-9861D043DCF2" value="true"/>
</engineerTo>
<useDomainConstraints>false</useDomainConstraints>
<use>1</use>
<logicalDatatype>LOGDT019</logicalDatatype>
<ownDataTypeParameters>,,</ownDataTypeParameters>
</Attribute>
<Attribute name="OrderID" id="54AA6F2D-8CE2-8786-D72C-B274100F1A94">
<createdBy>sergi</createdBy>
<createdTime>2020-10-30 09:42:10 UTC</createdTime>
<generatorID>D9B4E031-2F8B-19DA-5E75-C700A818E701</generatorID>
<ownerDesignName>Diseño Lógico</ownerDesignName>
<engineerTo>
<item key="29251277-302C-2CC8-E952-9861D043DCF2" value="true"/>
</engineerTo>
<referedAttribute>7CA90039-4184-BA33-5C47-E084DA83C4F2</referedAttribute>
<useDomainConstraints>false</useDomainConstraints>
<use>1</use>
<logicalDatatype>LOGDT019</logicalDatatype>
<ownDataTypeParameters>,,</ownDataTypeParameters>
</Attribute>
</attributes>
<identifiers itemClass="oracle.dbtools.crest.model.design.logical.CandidateKey">
<identifier id="35BAB2F2-5F07-F273-BA4A-BB1FE1B27FAE" name="Shippers PK">
<createdBy>sergi</createdBy>
<createdTime>2020-10-30 09:23:40 UTC</createdTime>
<ownerDesignName>Diseño Lógico</ownerDesignName>
<shouldEngineer>false</shouldEngineer>
<engineerTo>
<item key="29251277-302C-2CC8-E952-9861D043DCF2" value="false"/>
</engineerTo>
<pk>true</pk>
<usedAttributes>
<attributeRef>FB97EB20-1776-9B30-C239-AE5D46A08B1C</attributeRef>
</usedAttributes>
</identifier>
</identifiers>
</Entity>