<?xml version = '1.0' encoding = 'UTF-8'?>
<Entity class="oracle.dbtools.crest.model.design.logical.Entity" directorySegmentName="seg_0" id="53B24E9A-172C-48FD-DCF2-80AEB240EB15" name="Products">
<createdBy>sergi</createdBy>
<createdTime>2020-10-29 19:21:03 UTC</createdTime>
<ownerDesignName>Diseño Lógico</ownerDesignName>
<engineerTo>
<item key="29251277-302C-2CC8-E952-9861D043DCF2" value="true"/>
</engineerTo>
<adequatelyNormalized>NO</adequatelyNormalized>
<expectedVolumes>0</expectedVolumes>
<fwdEngineeringStrategyName>Single Table</fwdEngineeringStrategyName>
<growthPercent>0</growthPercent>
<growthType>Year</growthType>
<maxVolumes>9999999</maxVolumes>
<minVolumes>0</minVolumes>
<normalForm>Third</normalForm>
<attributes itemClass="oracle.dbtools.crest.model.design.logical.Attribute">
<Attribute name="ProductID" id="EB08AB3F-9E4A-1064-AA3D-94FB2C97C2B4">
<createdBy>sergi</createdBy>
<createdTime>2020-10-29 19:21:12 UTC</createdTime>
<ownerDesignName>Diseño Lógico</ownerDesignName>
<engineerTo>
<item key="29251277-302C-2CC8-E952-9861D043DCF2" value="true"/>
</engineerTo>
<useDomainConstraints>false</useDomainConstraints>
<use>1</use>
<logicalDatatype>LOGDT019</logicalDatatype>
<ownDataTypeParameters>,,</ownDataTypeParameters>
</Attribute>
<Attribute name="ProductName" id="C719DD2C-A761-4976-2013-B23B84759BAF">
<createdBy>sergi</createdBy>
<createdTime>2020-10-29 19:21:12 UTC</createdTime>
<ownerDesignName>Diseño Lógico</ownerDesignName>
<engineerTo>
<item key="29251277-302C-2CC8-E952-9861D043DCF2" value="true"/>
</engineerTo>
<useDomainConstraints>false</useDomainConstraints>
<use>1</use>
<logicalDatatype>LOGDT024</logicalDatatype>
<ownDataTypeParameters>,,</ownDataTypeParameters>
</Attribute>
<Attribute name="QuantityPerUnit" id="202DA7A2-167C-726F-B68B-58CEB61414B3">
<createdBy>sergi</createdBy>
<createdTime>2020-10-29 19:21:12 UTC</createdTime>
<ownerDesignName>Diseño Lógico</ownerDesignName>
<engineerTo>
<item key="29251277-302C-2CC8-E952-9861D043DCF2" value="true"/>
</engineerTo>
<useDomainConstraints>false</useDomainConstraints>
<use>1</use>
<logicalDatatype>LOGDT019</logicalDatatype>
<ownDataTypeParameters>,,</ownDataTypeParameters>
</Attribute>
<Attribute name="UnitPrice" id="EB2CE912-2CD9-B0C9-58B4-E280294895DA">
<createdBy>sergi</createdBy>
<createdTime>2020-10-29 19:21:13 UTC</createdTime>
<ownerDesignName>Diseño Lógico</ownerDesignName>
<engineerTo>
<item key="29251277-302C-2CC8-E952-9861D043DCF2" value="true"/>
</engineerTo>
<useDomainConstraints>false</useDomainConstraints>
<use>1</use>
<logicalDatatype>LOGDT019</logicalDatatype>
<ownDataTypeParameters>,,</ownDataTypeParameters>
</Attribute>
<Attribute name="UnitsInStock" id="C98165B9-0323-1FFD-224B-894E1D8B6898">
<createdBy>sergi</createdBy>
<createdTime>2020-10-29 19:21:13 UTC</createdTime>
<ownerDesignName>Diseño Lógico</ownerDesignName>
<engineerTo>
<item key="29251277-302C-2CC8-E952-9861D043DCF2" value="true"/>
</engineerTo>
<useDomainConstraints>false</useDomainConstraints>
<use>1</use>
<logicalDatatype>LOGDT019</logicalDatatype>
<ownDataTypeParameters>,,</ownDataTypeParameters>
</Attribute>
<Attribute name="UnitsInOrder" id="2A246337-40D3-1A5C-DD02-78F67A251388">
<createdBy>sergi</createdBy>
<createdTime>2020-10-29 19:21:13 UTC</createdTime>
<ownerDesignName>Diseño Lógico</ownerDesignName>
<engineerTo>
<item key="29251277-302C-2CC8-E952-9861D043DCF2" value="true"/>
</engineerTo>
<useDomainConstraints>false</useDomainConstraints>
<use>1</use>
<logicalDatatype>LOGDT019</logicalDatatype>
<ownDataTypeParameters>,,</ownDataTypeParameters>
</Attribute>
<Attribute name="ReorderLevel" id="5F8EFE3B-956C-D4BD-D1BD-9A81F64AEA34">
<createdBy>sergi</createdBy>
<createdTime>2020-10-29 19:21:14 UTC</createdTime>
<ownerDesignName>Diseño Lógico</ownerDesignName>
<engineerTo>
<item key="29251277-302C-2CC8-E952-9861D043DCF2" value="true"/>
</engineerTo>
<useDomainConstraints>false</useDomainConstraints>
<use>1</use>
<logicalDatatype>LOGDT019</logicalDatatype>
<ownDataTypeParameters>,,</ownDataTypeParameters>
</Attribute>
<Attribute name="Discontinued" id="68014C95-6F05-C6A1-FFB4-809B333E2858">
<createdBy>sergi</createdBy>
<createdTime>2020-10-29 19:21:14 UTC</createdTime>
<ownerDesignName>Diseño Lógico</ownerDesignName>
<engineerTo>
<item key="29251277-302C-2CC8-E952-9861D043DCF2" value="true"/>
</engineerTo>
<useDomainConstraints>false</useDomainConstraints>
<use>1</use>
<logicalDatatype>LOGDT019</logicalDatatype>
<ownDataTypeParameters>,,</ownDataTypeParameters>
</Attribute>
<Attribute name="/NumberOrders" id="2E4551DB-BA2C-C1A3-3A3C-0D1240FDD5BC">
<createdBy>sergi</createdBy>
<createdTime>2020-10-29 19:22:44 UTC</createdTime>
<ownerDesignName>Diseño Lógico</ownerDesignName>
<engineerTo>
<item key="29251277-302C-2CC8-E952-9861D043DCF2" value="true"/>
</engineerTo>
<useDomainConstraints>false</useDomainConstraints>
<use>1</use>
<logicalDatatype>LOGDT019</logicalDatatype>
<ownDataTypeParameters>,,</ownDataTypeParameters>
</Attribute>
</attributes>
<identifiers itemClass="oracle.dbtools.crest.model.design.logical.CandidateKey">
<identifier id="279C83B1-4BE8-B629-01C4-2B8DA84E013A" name="Products PK">
<createdBy>sergi</createdBy>
<createdTime>2020-10-30 09:11:28 UTC</createdTime>
<ownerDesignName>Diseño Lógico</ownerDesignName>
<shouldEngineer>false</shouldEngineer>
<engineerTo>
<item key="29251277-302C-2CC8-E952-9861D043DCF2" value="false"/>
</engineerTo>
<pk>true</pk>
<usedAttributes>
<attributeRef>EB08AB3F-9E4A-1064-AA3D-94FB2C97C2B4</attributeRef>
</usedAttributes>
</identifier>
</identifiers>
</Entity>