<?xml version = '1.0' encoding = 'UTF-8'?>
<Entity class="oracle.dbtools.crest.model.design.logical.Entity" directorySegmentName="seg_0" id="6B163765-321A-B22C-CA09-105B2AEF0F63" name="Customers">
<createdBy>sergi</createdBy>
<createdTime>2020-10-29 19:05:22 UTC</createdTime>
<ownerDesignName>Diseño Lógico</ownerDesignName>
<engineerTo>
<item key="29251277-302C-2CC8-E952-9861D043DCF2" value="true"/>
</engineerTo>
<adequatelyNormalized>NO</adequatelyNormalized>
<expectedVolumes>0</expectedVolumes>
<fwdEngineeringStrategyName>Single Table</fwdEngineeringStrategyName>
<growthPercent>0</growthPercent>
<growthType>Year</growthType>
<maxVolumes>9999999</maxVolumes>
<minVolumes>0</minVolumes>
<normalForm>Third</normalForm>
<attributes itemClass="oracle.dbtools.crest.model.design.logical.Attribute">
<Attribute name="CustomerID" id="2CAB40DC-44B5-3D47-3749-73CE1ECD901B">
<createdBy>sergi</createdBy>
<createdTime>2020-10-29 19:07:15 UTC</createdTime>
<ownerDesignName>Diseño Lógico</ownerDesignName>
<engineerTo>
<item key="29251277-302C-2CC8-E952-9861D043DCF2" value="true"/>
</engineerTo>
<useDomainConstraints>false</useDomainConstraints>
<use>1</use>
<logicalDatatype>LOGDT019</logicalDatatype>
<ownDataTypeParameters>,,</ownDataTypeParameters>
</Attribute>
<Attribute name="CompanyName" id="DEB88759-4E82-5F0B-9C5C-6C5ED24AAE71">
<createdBy>sergi</createdBy>
<createdTime>2020-10-29 19:07:15 UTC</createdTime>
<ownerDesignName>Diseño Lógico</ownerDesignName>
<engineerTo>
<item key="29251277-302C-2CC8-E952-9861D043DCF2" value="true"/>
</engineerTo>
<useDomainConstraints>false</useDomainConstraints>
<use>1</use>
<logicalDatatype>LOGDT024</logicalDatatype>
<ownDataTypeParameters>,,</ownDataTypeParameters>
</Attribute>
<Attribute name="ContactName" id="51F73D0E-0661-26FE-41A3-8880AE99664C">
<createdBy>sergi</createdBy>
<createdTime>2020-10-29 19:07:15 UTC</createdTime>
<ownerDesignName>Diseño Lógico</ownerDesignName>
<engineerTo>
<item key="29251277-302C-2CC8-E952-9861D043DCF2" value="true"/>
</engineerTo>
<useDomainConstraints>false</useDomainConstraints>
<use>1</use>
<logicalDatatype>LOGDT024</logicalDatatype>
<ownDataTypeParameters>,,</ownDataTypeParameters>
</Attribute>
<Attribute name="Address" id="03653DF3-7E8B-F56D-F0B8-F800ADCB46F4">
<createdBy>sergi</createdBy>
<createdTime>2020-10-29 19:07:16 UTC</createdTime>
<ownerDesignName>Diseño Lógico</ownerDesignName>
<engineerTo>
<item key="29251277-302C-2CC8-E952-9861D043DCF2" value="true"/>
</engineerTo>
<useDomainConstraints>false</useDomainConstraints>
<use>1</use>
<logicalDatatype>LOGDT024</logicalDatatype>
<ownDataTypeParameters>,,</ownDataTypeParameters>
</Attribute>
<Attribute name="City" id="6E3C7B22-D627-FFE9-4A7E-CB08E70EA5DC">
<createdBy>sergi</createdBy>
<createdTime>2020-10-29 19:07:16 UTC</createdTime>
<ownerDesignName>Diseño Lógico</ownerDesignName>
<engineerTo>
<item key="29251277-302C-2CC8-E952-9861D043DCF2" value="true"/>
</engineerTo>
<useDomainConstraints>false</useDomainConstraints>
<use>1</use>
<logicalDatatype>LOGDT024</logicalDatatype>
<ownDataTypeParameters>,,</ownDataTypeParameters>
</Attribute>
<Attribute name="Region" id="6D16A376-12AB-0CDB-6559-E09C0929B5E5">
<createdBy>sergi</createdBy>
<createdTime>2020-10-29 19:07:16 UTC</createdTime>
<ownerDesignName>Diseño Lógico</ownerDesignName>
<engineerTo>
<item key="29251277-302C-2CC8-E952-9861D043DCF2" value="true"/>
</engineerTo>
<nullsAllowed>true</nullsAllowed>
<useDomainConstraints>false</useDomainConstraints>
<use>1</use>
<logicalDatatype>LOGDT024</logicalDatatype>
<ownDataTypeParameters>,,</ownDataTypeParameters>
</Attribute>
<Attribute name="PostalCode" id="6C79A648-7143-947B-911A-F4AF9EF92904">
<createdBy>sergi</createdBy>
<createdTime>2020-10-29 19:07:16 UTC</createdTime>
<ownerDesignName>Diseño Lógico</ownerDesignName>
<engineerTo>
<item key="29251277-302C-2CC8-E952-9861D043DCF2" value="true"/>
</engineerTo>
<nullsAllowed>true</nullsAllowed>
<useDomainConstraints>false</useDomainConstraints>
<use>1</use>
<logicalDatatype>LOGDT019</logicalDatatype>
<ownDataTypeParameters>,,</ownDataTypeParameters>
</Attribute>
<Attribute name="Country" id="85D2FE4E-2E34-0ED2-1545-E2B1B09C800D">
<createdBy>sergi</createdBy>
<createdTime>2020-10-29 19:07:16 UTC</createdTime>
<ownerDesignName>Diseño Lógico</ownerDesignName>
<engineerTo>
<item key="29251277-302C-2CC8-E952-9861D043DCF2" value="true"/>
</engineerTo>
<useDomainConstraints>false</useDomainConstraints>
<use>1</use>
<logicalDatatype>LOGDT024</logicalDatatype>
<ownDataTypeParameters>,,</ownDataTypeParameters>
</Attribute>
<Attribute name="Phone" id="534C1747-500D-B540-D95A-1979EAAB98B6">
<createdBy>sergi</createdBy>
<createdTime>2020-10-29 19:07:16 UTC</createdTime>
<ownerDesignName>Diseño Lógico</ownerDesignName>
<engineerTo>
<item key="29251277-302C-2CC8-E952-9861D043DCF2" value="true"/>
</engineerTo>
<useDomainConstraints>false</useDomainConstraints>
<use>1</use>
<logicalDatatype>LOGDT019</logicalDatatype>
<ownDataTypeParameters>,,</ownDataTypeParameters>
</Attribute>
<Attribute name="Fax" id="EEA7ED92-C835-8BE8-ED74-4E6B76ED96E5">
<createdBy>sergi</createdBy>
<createdTime>2020-10-29 19:07:17 UTC</createdTime>
<ownerDesignName>Diseño Lógico</ownerDesignName>
<engineerTo>
<item key="29251277-302C-2CC8-E952-9861D043DCF2" value="true"/>
</engineerTo>
<nullsAllowed>true</nullsAllowed>
<useDomainConstraints>false</useDomainConstraints>
<use>1</use>
<logicalDatatype>LOGDT024</logicalDatatype>
<ownDataTypeParameters>,,</ownDataTypeParameters>
</Attribute>
<Attribute name="OrderID" id="B46651F2-88A5-F089-62E4-A5A48077C66D">
<createdBy>sergi</createdBy>
<createdTime>2020-10-30 09:42:26 UTC</createdTime>
<generatorID>B5C834F7-B056-4698-69F0-5164355F8F9F</generatorID>
<ownerDesignName>Diseño Lógico</ownerDesignName>
<engineerTo>
<item key="29251277-302C-2CC8-E952-9861D043DCF2" value="true"/>
</engineerTo>
<referedAttribute>7CA90039-4184-BA33-5C47-E084DA83C4F2</referedAttribute>
<useDomainConstraints>false</useDomainConstraints>
<use>1</use>
<logicalDatatype>LOGDT019</logicalDatatype>
<ownDataTypeParameters>,,</ownDataTypeParameters>
</Attribute>
</attributes>
<identifiers itemClass="oracle.dbtools.crest.model.design.logical.CandidateKey">
<identifier id="047194D6-6CD3-2756-83A2-8EEFF2EB4D8E" name="Customers PK">
<createdBy>sergi</createdBy>
<createdTime>2020-10-30 09:13:29 UTC</createdTime>
<ownerDesignName>Diseño Lógico</ownerDesignName>
<shouldEngineer>false</shouldEngineer>
<engineerTo>
<item key="29251277-302C-2CC8-E952-9861D043DCF2" value="false"/>
</engineerTo>
<pk>true</pk>
<usedAttributes>
<attributeRef>2CAB40DC-44B5-3D47-3749-73CE1ECD901B</attributeRef>
</usedAttributes>
</identifier>
</identifiers>
</Entity>