<?xml version = '1.0' encoding = 'UTF-8'?>
<Entity class="oracle.dbtools.crest.model.design.logical.Entity" directorySegmentName="seg_0" id="7583A356-F2DA-33F9-3799-9609A1C41D5F" name="OrderDetails">
<createdBy>sergi</createdBy>
<createdTime>2020-10-29 19:30:38 UTC</createdTime>
<ownerDesignName>Diseño Lógico</ownerDesignName>
<engineerTo>
<item key="29251277-302C-2CC8-E952-9861D043DCF2" value="true"/>
</engineerTo>
<adequatelyNormalized>NO</adequatelyNormalized>
<expectedVolumes>0</expectedVolumes>
<fwdEngineeringStrategyName>Single Table</fwdEngineeringStrategyName>
<growthPercent>0</growthPercent>
<growthType>Year</growthType>
<maxVolumes>9999999</maxVolumes>
<minVolumes>0</minVolumes>
<normalForm>Third</normalForm>
<attributes itemClass="oracle.dbtools.crest.model.design.logical.Attribute">
<Attribute name="UnitPrice" id="64210C6A-1A83-5EFB-23CF-29C14FF5DE6E">
<createdBy>sergi</createdBy>
<createdTime>2020-10-29 19:30:56 UTC</createdTime>
<ownerDesignName>Diseño Lógico</ownerDesignName>
<engineerTo>
<item key="29251277-302C-2CC8-E952-9861D043DCF2" value="true"/>
</engineerTo>
<useDomainConstraints>false</useDomainConstraints>
<use>1</use>
<logicalDatatype>LOGDT019</logicalDatatype>
<ownDataTypeParameters>,,</ownDataTypeParameters>
</Attribute>
<Attribute name="Quantity" id="B395950F-C030-6C45-19C5-FC3A2CF9EE4F">
<createdBy>sergi</createdBy>
<createdTime>2020-10-29 19:30:57 UTC</createdTime>
<ownerDesignName>Diseño Lógico</ownerDesignName>
<engineerTo>
<item key="29251277-302C-2CC8-E952-9861D043DCF2" value="true"/>
</engineerTo>
<useDomainConstraints>false</useDomainConstraints>
<use>1</use>
<logicalDatatype>LOGDT019</logicalDatatype>
<ownDataTypeParameters>,,</ownDataTypeParameters>
</Attribute>
<Attribute name="Discount" id="8CD70806-4ADF-8EFD-942D-D54E2E8ED041">
<createdBy>sergi</createdBy>
<createdTime>2020-10-29 19:30:57 UTC</createdTime>
<ownerDesignName>Diseño Lógico</ownerDesignName>
<engineerTo>
<item key="29251277-302C-2CC8-E952-9861D043DCF2" value="true"/>
</engineerTo>
<useDomainConstraints>false</useDomainConstraints>
<use>1</use>
<logicalDatatype>LOGDT019</logicalDatatype>
<ownDataTypeParameters>,,</ownDataTypeParameters>
</Attribute>
<Attribute name="ProductID" id="793891B9-47E9-FDAE-59A5-19395E413695">
<createdBy>sergi</createdBy>
<createdTime>2020-10-30 09:41:50 UTC</createdTime>
<generatorID>BE66F276-F211-94AC-1693-2F08827B0B6D</generatorID>
<ownerDesignName>Diseño Lógico</ownerDesignName>
<engineerTo>
<item key="29251277-302C-2CC8-E952-9861D043DCF2" value="true"/>
</engineerTo>
<referedAttribute>EB08AB3F-9E4A-1064-AA3D-94FB2C97C2B4</referedAttribute>
<useDomainConstraints>false</useDomainConstraints>
<use>1</use>
<logicalDatatype>LOGDT019</logicalDatatype>
<ownDataTypeParameters>,,</ownDataTypeParameters>
</Attribute>
<Attribute name="OrderID" id="C3730C75-5D8F-4280-4D56-4ED8410AA5E5">
<createdBy>sergi</createdBy>
<createdTime>2020-10-30 09:42:00 UTC</createdTime>
<generatorID>D256ECD5-8725-29AD-4C40-EC7D283FFE42</generatorID>
<ownerDesignName>Diseño Lógico</ownerDesignName>
<engineerTo>
<item key="29251277-302C-2CC8-E952-9861D043DCF2" value="true"/>
</engineerTo>
<referedAttribute>7CA90039-4184-BA33-5C47-E084DA83C4F2</referedAttribute>
<useDomainConstraints>false</useDomainConstraints>
<use>1</use>
<logicalDatatype>LOGDT019</logicalDatatype>
<ownDataTypeParameters>,,</ownDataTypeParameters>
</Attribute>
</attributes>
</Entity>