<?xml version = '1.0' encoding = 'UTF-8'?>
<Entity class="oracle.dbtools.crest.model.design.logical.Entity" directorySegmentName="seg_0" id="B9BD3734-11BD-4F09-0D8B-EB9788B44771" name="Orders">
<createdBy>sergi</createdBy>
<createdTime>2020-10-29 19:10:48 UTC</createdTime>
<ownerDesignName>Diseño Lógico</ownerDesignName>
<engineerTo>
<item key="29251277-302C-2CC8-E952-9861D043DCF2" value="true"/>
</engineerTo>
<adequatelyNormalized>NO</adequatelyNormalized>
<expectedVolumes>0</expectedVolumes>
<fwdEngineeringStrategyName>Single Table</fwdEngineeringStrategyName>
<growthPercent>0</growthPercent>
<growthType>Year</growthType>
<maxVolumes>9999999</maxVolumes>
<minVolumes>0</minVolumes>
<normalForm>Third</normalForm>
<attributes itemClass="oracle.dbtools.crest.model.design.logical.Attribute">
<Attribute name="OrderID" id="7CA90039-4184-BA33-5C47-E084DA83C4F2">
<createdBy>sergi</createdBy>
<createdTime>2020-10-29 19:10:58 UTC</createdTime>
<ownerDesignName>Diseño Lógico</ownerDesignName>
<engineerTo>
<item key="29251277-302C-2CC8-E952-9861D043DCF2" value="true"/>
</engineerTo>
<useDomainConstraints>false</useDomainConstraints>
<use>1</use>
<logicalDatatype>LOGDT019</logicalDatatype>
<ownDataTypeParameters>,,</ownDataTypeParameters>
</Attribute>
<Attribute name="OrderDate" id="CCA5405E-6CFB-AAAA-42E7-C631981794C6">
<createdBy>sergi</createdBy>
<createdTime>2020-10-29 19:10:58 UTC</createdTime>
<ownerDesignName>Diseño Lógico</ownerDesignName>
<engineerTo>
<item key="29251277-302C-2CC8-E952-9861D043DCF2" value="true"/>
</engineerTo>
<useDomainConstraints>false</useDomainConstraints>
<use>1</use>
<logicalDatatype>LOGDT007</logicalDatatype>
<ownDataTypeParameters>,,</ownDataTypeParameters>
</Attribute>
<Attribute name="RequiredDate" id="BE1D2DED-4DF7-A008-FD97-6E51CC2CAA73">
<createdBy>sergi</createdBy>
<createdTime>2020-10-29 19:10:59 UTC</createdTime>
<ownerDesignName>Diseño Lógico</ownerDesignName>
<engineerTo>
<item key="29251277-302C-2CC8-E952-9861D043DCF2" value="true"/>
</engineerTo>
<useDomainConstraints>false</useDomainConstraints>
<use>1</use>
<logicalDatatype>LOGDT007</logicalDatatype>
<ownDataTypeParameters>,,</ownDataTypeParameters>
</Attribute>
<Attribute name="ShippedDate" id="36BF7063-0A93-2ED3-530A-F36A09865ACE">
<createdBy>sergi</createdBy>
<createdTime>2020-10-29 19:10:59 UTC</createdTime>
<ownerDesignName>Diseño Lógico</ownerDesignName>
<engineerTo>
<item key="29251277-302C-2CC8-E952-9861D043DCF2" value="true"/>
</engineerTo>
<nullsAllowed>true</nullsAllowed>
<useDomainConstraints>false</useDomainConstraints>
<use>1</use>
<logicalDatatype>LOGDT007</logicalDatatype>
<ownDataTypeParameters>,,</ownDataTypeParameters>
</Attribute>
<Attribute name="Freight" id="D592E580-F84D-69E6-7B5E-F19F773098A6">
<createdBy>sergi</createdBy>
<createdTime>2020-10-29 19:10:59 UTC</createdTime>
<ownerDesignName>Diseño Lógico</ownerDesignName>
<engineerTo>
<item key="29251277-302C-2CC8-E952-9861D043DCF2" value="true"/>
</engineerTo>
<useDomainConstraints>false</useDomainConstraints>
<use>1</use>
<logicalDatatype>LOGDT019</logicalDatatype>
<ownDataTypeParameters>,,</ownDataTypeParameters>
</Attribute>
<Attribute name="ShipName" id="801D4A57-C86E-914D-0857-E4C32094E48C">
<createdBy>sergi</createdBy>
<createdTime>2020-10-29 19:11:08 UTC</createdTime>
<ownerDesignName>Diseño Lógico</ownerDesignName>
<engineerTo>
<item key="29251277-302C-2CC8-E952-9861D043DCF2" value="true"/>
</engineerTo>
<useDomainConstraints>false</useDomainConstraints>
<use>1</use>
<logicalDatatype>LOGDT024</logicalDatatype>
<ownDataTypeParameters>,,</ownDataTypeParameters>
</Attribute>
<Attribute name="ShipCity" id="FA8DBC5F-D6F1-BE82-41F7-20C7FDCB26A6">
<createdBy>sergi</createdBy>
<createdTime>2020-10-29 19:11:08 UTC</createdTime>
<ownerDesignName>Diseño Lógico</ownerDesignName>
<engineerTo>
<item key="29251277-302C-2CC8-E952-9861D043DCF2" value="true"/>
</engineerTo>
<useDomainConstraints>false</useDomainConstraints>
<use>1</use>
<logicalDatatype>LOGDT024</logicalDatatype>
<ownDataTypeParameters>,,</ownDataTypeParameters>
</Attribute>
<Attribute name="ShipRegion" id="D58E4D03-0514-A450-E355-2E476DF66D3C">
<createdBy>sergi</createdBy>
<createdTime>2020-10-29 19:11:08 UTC</createdTime>
<ownerDesignName>Diseño Lógico</ownerDesignName>
<engineerTo>
<item key="29251277-302C-2CC8-E952-9861D043DCF2" value="true"/>
</engineerTo>
<nullsAllowed>true</nullsAllowed>
<useDomainConstraints>false</useDomainConstraints>
<use>1</use>
<logicalDatatype>LOGDT024</logicalDatatype>
<ownDataTypeParameters>,,</ownDataTypeParameters>
</Attribute>
<Attribute name="ShipPostalCode" id="EF614CA9-2E46-AEE5-74F0-FA93FE456760">
<createdBy>sergi</createdBy>
<createdTime>2020-10-29 19:11:09 UTC</createdTime>
<ownerDesignName>Diseño Lógico</ownerDesignName>
<engineerTo>
<item key="29251277-302C-2CC8-E952-9861D043DCF2" value="true"/>
</engineerTo>
<nullsAllowed>true</nullsAllowed>
<useDomainConstraints>false</useDomainConstraints>
<use>1</use>
<logicalDatatype>LOGDT019</logicalDatatype>
<ownDataTypeParameters>,,</ownDataTypeParameters>
</Attribute>
<Attribute name="ShipCountry" id="09CBD9EB-66FF-C351-9392-B2CDB81C321C">
<createdBy>sergi</createdBy>
<createdTime>2020-10-29 19:11:09 UTC</createdTime>
<ownerDesignName>Diseño Lógico</ownerDesignName>
<engineerTo>
<item key="29251277-302C-2CC8-E952-9861D043DCF2" value="true"/>
</engineerTo>
<useDomainConstraints>false</useDomainConstraints>
<use>1</use>
<logicalDatatype>LOGDT024</logicalDatatype>
<ownDataTypeParameters>,,</ownDataTypeParameters>
</Attribute>
</attributes>
<identifiers itemClass="oracle.dbtools.crest.model.design.logical.CandidateKey">
<identifier id="3BAF396F-2286-1082-D13C-C82AE39C2626" name="Orders PK">
<createdBy>sergi</createdBy>
<createdTime>2020-10-30 09:24:19 UTC</createdTime>
<ownerDesignName>Diseño Lógico</ownerDesignName>
<shouldEngineer>false</shouldEngineer>
<engineerTo>
<item key="29251277-302C-2CC8-E952-9861D043DCF2" value="false"/>
</engineerTo>
<pk>true</pk>
<usedAttributes>
<attributeRef>7CA90039-4184-BA33-5C47-E084DA83C4F2</attributeRef>
</usedAttributes>
</identifier>
</identifiers>
</Entity>