<?xml version = '1.0' encoding = 'UTF-8'?>
<Entity class="oracle.dbtools.crest.model.design.logical.Entity" directorySegmentName="seg_0" id="C9256BAA-A662-7542-B06C-5343296FB319" name="Territories">
<createdBy>sergi</createdBy>
<createdTime>2020-10-29 19:45:37 UTC</createdTime>
<ownerDesignName>Diseño Lógico</ownerDesignName>
<engineerTo>
<item key="29251277-302C-2CC8-E952-9861D043DCF2" value="true"/>
</engineerTo>
<adequatelyNormalized>NO</adequatelyNormalized>
<expectedVolumes>0</expectedVolumes>
<fwdEngineeringStrategyName>Single Table</fwdEngineeringStrategyName>
<growthPercent>0</growthPercent>
<growthType>Year</growthType>
<maxVolumes>9999999</maxVolumes>
<minVolumes>0</minVolumes>
<normalForm>Third</normalForm>
<attributes itemClass="oracle.dbtools.crest.model.design.logical.Attribute">
<Attribute name="TerritoryID" id="63803B47-F770-666B-C688-2F066407CDDB">
<createdBy>sergi</createdBy>
<createdTime>2020-10-29 19:45:55 UTC</createdTime>
<ownerDesignName>Diseño Lógico</ownerDesignName>
<engineerTo>
<item key="29251277-302C-2CC8-E952-9861D043DCF2" value="true"/>
</engineerTo>
<useDomainConstraints>false</useDomainConstraints>
<use>1</use>
<logicalDatatype>LOGDT019</logicalDatatype>
<ownDataTypeParameters>,,</ownDataTypeParameters>
</Attribute>
<Attribute name="TerritoryDescription" id="3553C5C3-6366-8894-9204-9038A5A1C7BB">
<createdBy>sergi</createdBy>
<createdTime>2020-10-29 19:45:57 UTC</createdTime>
<ownerDesignName>Diseño Lógico</ownerDesignName>
<engineerTo>
<item key="29251277-302C-2CC8-E952-9861D043DCF2" value="true"/>
</engineerTo>
<useDomainConstraints>false</useDomainConstraints>
<use>1</use>
<logicalDatatype>LOGDT024</logicalDatatype>
<ownDataTypeParameters>,,</ownDataTypeParameters>
</Attribute>
</attributes>
<identifiers itemClass="oracle.dbtools.crest.model.design.logical.CandidateKey">
<identifier id="9973A2E7-BB56-81FC-370B-1E95885AC80B" name="Territories PK">
<createdBy>sergi</createdBy>
<createdTime>2020-10-29 19:46:22 UTC</createdTime>
<ownerDesignName>Diseño Lógico</ownerDesignName>
<shouldEngineer>false</shouldEngineer>
<engineerTo>
<item key="29251277-302C-2CC8-E952-9861D043DCF2" value="false"/>
</engineerTo>
<pk>true</pk>
<usedAttributes>
<attributeRef>63803B47-F770-666B-C688-2F066407CDDB</attributeRef>
</usedAttributes>
</identifier>
</identifiers>
</Entity>