<?xml version = '1.0' encoding = 'UTF-8'?>
<Entity class="oracle.dbtools.crest.model.design.logical.Entity" directorySegmentName="seg_0" id="DE021295-0C76-4160-9352-5A3FC19A8C9E" name="EmployeeTerritories">
<createdBy>sergi</createdBy>
<createdTime>2020-10-29 19:45:08 UTC</createdTime>
<ownerDesignName>Diseño Lógico</ownerDesignName>
<engineerTo>
<item key="29251277-302C-2CC8-E952-9861D043DCF2" value="true"/>
</engineerTo>
<adequatelyNormalized>NO</adequatelyNormalized>
<expectedVolumes>0</expectedVolumes>
<fwdEngineeringStrategyName>Single Table</fwdEngineeringStrategyName>
<growthPercent>0</growthPercent>
<growthType>Year</growthType>
<maxVolumes>9999999</maxVolumes>
<minVolumes>0</minVolumes>
<normalForm>Third</normalForm>
<attributes itemClass="oracle.dbtools.crest.model.design.logical.Attribute">
<Attribute name="EmployeeID" id="3E09B72E-A340-B416-CCEB-5B128419E9B7">
<createdBy>sergi</createdBy>
<createdTime>2020-10-30 09:43:02 UTC</createdTime>
<generatorID>A3A8E7F8-3A0B-965A-2E6F-184DEC11E8D2</generatorID>
<ownerDesignName>Diseño Lógico</ownerDesignName>
<engineerTo>
<item key="29251277-302C-2CC8-E952-9861D043DCF2" value="true"/>
</engineerTo>
<referedAttribute>23A565EA-E702-20B0-908B-752BB8FBCC98</referedAttribute>
<useDomainConstraints>false</useDomainConstraints>
<use>1</use>
<logicalDatatype>LOGDT019</logicalDatatype>
<ownDataTypeParameters>,,</ownDataTypeParameters>
</Attribute>
<Attribute name="TerritoryID" id="76F83A09-8670-598D-A4D0-DD0B6B493A16">
<createdBy>sergi</createdBy>
<createdTime>2020-10-30 09:43:08 UTC</createdTime>
<generatorID>E041E610-175A-6500-D30D-EA90BBFE2DEE</generatorID>
<ownerDesignName>Diseño Lógico</ownerDesignName>
<engineerTo>
<item key="29251277-302C-2CC8-E952-9861D043DCF2" value="true"/>
</engineerTo>
<referedAttribute>63803B47-F770-666B-C688-2F066407CDDB</referedAttribute>
<useDomainConstraints>false</useDomainConstraints>
<use>1</use>
<logicalDatatype>LOGDT019</logicalDatatype>
<ownDataTypeParameters>,,</ownDataTypeParameters>
</Attribute>
</attributes>
</Entity>