<?xml version = '1.0' encoding = 'UTF-8'?>
<relationalModel class="oracle.dbtools.crest.model.design.relational.RelationalDesign" name="Relational_1" id="29251277-302C-2CC8-E952-9861D043DCF2" mainViewID="84153445-2E72-5EEE-A20E-8FB5637EF23C">
<createdBy>sergi</createdBy>
<createdTime>2020-10-29 19:00:52 UTC</createdTime>
<ownerDesignName>Diseño Lógico</ownerDesignName>
<shouldBeOpen>false</shouldBeOpen>
<selectedRDBMSSite>32076570-2523-435C-2E92-BF29817DFF70</selectedRDBMSSite>
</relationalModel>