<?xml version = '1.0' encoding = 'UTF-8'?>
<Diagram class="oracle.dbtools.crest.swingui.logical.DPVLogical" name="Logical" id="9EE6B311-080A-D08D-FA7E-031000B12278">
<createdBy>sergi</createdBy>
<modifiedBy>sergi</modifiedBy>
<createdTime>2018-11-23 15:23:51 UTC</createdTime>
<autoRoute>false</autoRoute>
<boxInbox>true</boxInbox>
<showLegend>false</showLegend>
<showLabels>true</showLabels>
<showRelAttributes>false</showRelAttributes>
<gridEnabled>false</gridEnabled>
<showGrid>false</showGrid>
<diagramColor>-1</diagramColor>
<display>false</display>
<notation>1</notation>
<showClassificationTypes>true</showClassificationTypes>
<objectViews>
<OView class="oracle.dbtools.crest.swingui.logical.TVEntity" oid="0CA79A48-4FC0-9A09-74C5-517721F1D86D" otype="Entity" vid="97885286-687C-460B-95A1-76131EC5D634">
<hideElementsInCurrentOnly>false</hideElementsInCurrentOnly>
<bounds x="486" y="595" width="149" height="165"/>
</OView>
<OView class="oracle.dbtools.crest.swingui.logical.TVEntity" oid="1E35E737-69D5-62C1-1BE3-6C92D6861667" otype="Entity" vid="438042E3-07B2-1C9E-7712-1039AF965E0A">
<hideElementsInCurrentOnly>false</hideElementsInCurrentOnly>
<bounds x="145" y="643" width="170" height="56"/>
</OView>
<OView class="oracle.dbtools.crest.swingui.logical.TVEntity" oid="2975B1B9-FB38-FC7F-231C-8CD2780FCBBD" otype="Entity" vid="6B87DB14-B010-62A1-62DE-080822FD6BF3">
<hideElementsInCurrentOnly>false</hideElementsInCurrentOnly>
<bounds x="170" y="759" width="123" height="84"/>
</OView>
<OView class="oracle.dbtools.crest.swingui.logical.TVEntity" oid="2BC3D519-4A7A-72C1-8EB0-F39000DF4E7F" otype="Entity" vid="49A4F106-A374-5F6A-79EF-3EDCD91C4FB0">
<hideElementsInCurrentOnly>false</hideElementsInCurrentOnly>
<bounds x="464" y="29" width="119" height="83"/>
</OView>
<OView class="oracle.dbtools.crest.swingui.logical.TVEntity" oid="6BB405E6-1BA8-E67A-601C-6B39C9153D7E" otype="Entity" vid="2C4C0A9A-D6FB-405C-A578-37AADB0881C6">
<hideElementsInCurrentOnly>false</hideElementsInCurrentOnly>
<bounds x="338" y="147" width="170" height="128"/>
</OView>
<OView class="oracle.dbtools.crest.swingui.logical.TVEntity" oid="8BD891E7-B3CC-5EFF-B0C6-CF9D55559012" otype="Entity" vid="D40B0897-5884-3BED-BD8F-0B9F54E40E4D">
<hideElementsInCurrentOnly>false</hideElementsInCurrentOnly>
<bounds x="100" y="54" width="149" height="230"/>
</OView>
<OView class="oracle.dbtools.crest.swingui.logical.TVEntity" oid="A5C2C158-E656-F827-9CC9-C2B9468E21DE" otype="Entity" vid="EDDF6443-E7A6-5D2E-EF88-9C4703CC1BA4">
<hideElementsInCurrentOnly>false</hideElementsInCurrentOnly>
<bounds x="492" y="339" width="154" height="136"/>
</OView>
<OView class="oracle.dbtools.crest.swingui.logical.TVEntity" oid="A88534E2-9A97-7F27-CA14-68606A50F4D8" otype="Entity" vid="70561C1E-D191-CD8A-0D59-AC25FAFF63CB">
<hideElementsInCurrentOnly>false</hideElementsInCurrentOnly>
<bounds x="155" y="378" width="142" height="207"/>
</OView>
<OView class="oracle.dbtools.crest.swingui.logical.TVEntity" oid="BCCF35AC-B40B-FDD7-B29D-24DDCEFA09BF" otype="Entity" vid="E8B882D5-3CF7-AFF1-DDBF-E0328B557A52">
<hideElementsInCurrentOnly>false</hideElementsInCurrentOnly>
<bounds x="607" y="145" width="157" height="129"/>
</OView>
<OView class="oracle.dbtools.crest.swingui.logical.TVEntity" oid="C3304811-7C43-8E59-6C6D-8D21DE2256BF" otype="Entity" vid="C9D38233-9F7D-7DB6-E9BC-AAABF65B161C">
<hideElementsInCurrentOnly>false</hideElementsInCurrentOnly>
<bounds x="905" y="527" width="210" height="79"/>
</OView>
<OView class="oracle.dbtools.crest.swingui.logical.TVEntity" oid="D9D3DCAE-D1BA-3B32-FA58-F362E9B516C8" otype="Entity" vid="1C39DEAE-54CE-52B5-9751-CA1214AC4147">
<hideElementsInCurrentOnly>false</hideElementsInCurrentOnly>
<bounds x="856" y="19" width="140" height="264"/>
</OView>
<OView class="oracle.dbtools.crest.swingui.logical.TVEntity" oid="EA3273D5-2E6D-6B58-19E2-5C7D96F361DF" otype="Entity" vid="DE9A3AB6-318E-90F4-D21D-65252B57CC32">
<hideElementsInCurrentOnly>false</hideElementsInCurrentOnly>
<bounds x="896" y="321" width="306" height="296"/>
</OView>
</objectViews>
<connectors>
<Connector class="oracle.dbtools.crest.swingui.logical.TVRelation" oid="10217543-1311-5874-57E3-006FD27C99A8" otype="Relation" vid_source="1C39DEAE-54CE-52B5-9751-CA1214AC4147" vid_target="E8B882D5-3CF7-AFF1-DDBF-E0328B557A52">
<hideElementsInCurrentOnly>false</hideElementsInCurrentOnly>
<backgroundColor>-16777216</backgroundColor>
<lineWidth>1</lineWidth>
<points>
<point x="856" y="239"/>
<point x="764" y="239"/>
</points>
</Connector>
<Connector class="oracle.dbtools.crest.swingui.logical.TVRelation" oid="105D89EB-B8AA-D59B-DBA4-A5BCAA36FF84" otype="Relation" vid_source="EDDF6443-E7A6-5D2E-EF88-9C4703CC1BA4" vid_target="E8B882D5-3CF7-AFF1-DDBF-E0328B557A52">
<hideElementsInCurrentOnly>false</hideElementsInCurrentOnly>
<backgroundColor>-16777216</backgroundColor>
<lineWidth>1</lineWidth>
<points>
<point x="611" y="339"/>
<point x="611" y="274"/>
</points>
</Connector>
<Connector class="oracle.dbtools.crest.swingui.logical.TVRelation" oid="20D4982C-6301-C561-EF84-F8950CE3E18C" otype="Relation" vid_source="EDDF6443-E7A6-5D2E-EF88-9C4703CC1BA4" vid_target="DE9A3AB6-318E-90F4-D21D-65252B57CC32">
<hideElementsInCurrentOnly>false</hideElementsInCurrentOnly>
<backgroundColor>-16777216</backgroundColor>
<lineWidth>1</lineWidth>
<points>
<point x="646" y="407"/>
<point x="896" y="407"/>
</points>
</Connector>
<Connector class="oracle.dbtools.crest.swingui.logical.TVRelation" oid="29EE4FB5-E3DC-3978-E256-A6DF34973118" otype="Relation" vid_source="70561C1E-D191-CD8A-0D59-AC25FAFF63CB" vid_target="EDDF6443-E7A6-5D2E-EF88-9C4703CC1BA4">
<hideElementsInCurrentOnly>false</hideElementsInCurrentOnly>
<backgroundColor>-16777216</backgroundColor>
<lineWidth>1</lineWidth>
<points>
<point x="297" y="426"/>
<point x="492" y="426"/>
</points>
</Connector>
<Connector class="oracle.dbtools.crest.swingui.logical.TVRelation" oid="48CBA5D9-4C35-3C8F-B80C-B89062F8F0C9" otype="Relation" vid_source="438042E3-07B2-1C9E-7712-1039AF965E0A" vid_target="6B87DB14-B010-62A1-62DE-080822FD6BF3">
<hideElementsInCurrentOnly>false</hideElementsInCurrentOnly>
<backgroundColor>-16777216</backgroundColor>
<lineWidth>1</lineWidth>
<points>
<point x="261" y="699"/>
<point x="261" y="759"/>
</points>
</Connector>
<Connector class="oracle.dbtools.crest.swingui.logical.TVInheritanceRelation" oid="549D520E-79FE-874F-CFD9-5C1A3B5B3984" otype="Hierarchy relation" vid_source="DE9A3AB6-318E-90F4-D21D-65252B57CC32" vid_target="C9D38233-9F7D-7DB6-E9BC-AAABF65B161C">
<hideElementsInCurrentOnly>false</hideElementsInCurrentOnly>
<backgroundColor>-65536</backgroundColor>
<lineWidth>1</lineWidth>
</Connector>
<Connector class="oracle.dbtools.crest.swingui.logical.TVRelation" oid="8C855C42-D9A2-853D-8ECE-D5759E340C59" otype="Relation" vid_source="D40B0897-5884-3BED-BD8F-0B9F54E40E4D" vid_target="2C4C0A9A-D6FB-405C-A578-37AADB0881C6">
<hideElementsInCurrentOnly>false</hideElementsInCurrentOnly>
<backgroundColor>-16777216</backgroundColor>
<lineWidth>1</lineWidth>
<points>
<point x="249" y="226"/>
<point x="338" y="226"/>
</points>
</Connector>
<Connector class="oracle.dbtools.crest.swingui.logical.TVRelation" oid="936ADA2B-8723-5978-B10B-2D0FEF13B90D" otype="Relation" vid_source="438042E3-07B2-1C9E-7712-1039AF965E0A" vid_target="70561C1E-D191-CD8A-0D59-AC25FAFF63CB">
<hideElementsInCurrentOnly>false</hideElementsInCurrentOnly>
<backgroundColor>-16777216</backgroundColor>
<lineWidth>1</lineWidth>
<points>
<point x="226" y="643"/>
<point x="226" y="585"/>
</points>
</Connector>
<Connector class="oracle.dbtools.crest.swingui.logical.TVRelation" oid="998F9661-9F43-E34A-7433-B1E505DC938F" otype="Relation" vid_source="D40B0897-5884-3BED-BD8F-0B9F54E40E4D" vid_target="49A4F106-A374-5F6A-79EF-3EDCD91C4FB0">
<hideElementsInCurrentOnly>false</hideElementsInCurrentOnly>
<backgroundColor>-16777216</backgroundColor>
<lineWidth>1</lineWidth>
<points>
<point x="249" y="68"/>
<point x="464" y="68"/>
</points>
</Connector>
<Connector class="oracle.dbtools.crest.swingui.logical.TVRelation" oid="A417BD20-861A-3CCC-3B5D-8E0768B4A805" otype="Relation" vid_source="EDDF6443-E7A6-5D2E-EF88-9C4703CC1BA4" vid_target="2C4C0A9A-D6FB-405C-A578-37AADB0881C6">
<hideElementsInCurrentOnly>false</hideElementsInCurrentOnly>
<backgroundColor>-16777216</backgroundColor>
<lineWidth>1</lineWidth>
<points>
<point x="500" y="339"/>
<point x="500" y="275"/>
</points>
</Connector>
<Connector class="oracle.dbtools.crest.swingui.logical.TVRelation" oid="BA6C8E94-BF87-76DF-1319-09BC1B7B48AF" otype="Relation" vid_source="EDDF6443-E7A6-5D2E-EF88-9C4703CC1BA4" vid_target="97885286-687C-460B-95A1-76131EC5D634">
<hideElementsInCurrentOnly>false</hideElementsInCurrentOnly>
<backgroundColor>-16777216</backgroundColor>
<lineWidth>1</lineWidth>
<points>
<point x="563" y="475"/>
<point x="563" y="595"/>
</points>
</Connector>
<Connector class="oracle.dbtools.crest.swingui.logical.TVRelation" oid="FAB7DC26-B902-F1E7-870C-68C057EDB0F1" otype="Relation" vid_source="49A4F106-A374-5F6A-79EF-3EDCD91C4FB0" vid_target="1C39DEAE-54CE-52B5-9751-CA1214AC4147">
<hideElementsInCurrentOnly>false</hideElementsInCurrentOnly>
<backgroundColor>-16777216</backgroundColor>
<lineWidth>1</lineWidth>
<points>
<point x="583" y="85"/>
<point x="856" y="85"/>
</points>
</Connector>
</connectors>
</Diagram>