<?xml version = '1.0' encoding = 'UTF-8'?>
<Relation class="oracle.dbtools.crest.model.design.logical.Relation" name="Relation_7" directorySegmentName="seg_0" id="71681F5C-FC12-CED8-C8EB-CAE584E08810">
<createdBy>sergi</createdBy>
<createdTime>2020-10-09 17:01:23 UTC</createdTime>
<ownerDesignName>ejercicio 5 obtubre</ownerDesignName>
<engineerTo>
<item key="034C0063-7E3B-3231-0696-9AB09CAA809C" value="true"/>
</engineerTo>
<identifying>false</identifying>
<optionalSource>true</optionalSource>
<optionalTarget>false</optionalTarget>
<sourceCardinality>1</sourceCardinality>
<sourceEntity>EA4600F5-3D74-CB35-9FE4-FE8C786DF8F3</sourceEntity>
<targetCardinalityString>*</targetCardinalityString>
<targetEntity>08133598-F1C3-BF49-BF62-35E03B0044EA</targetEntity>
<transferable>true</transferable>
<deleteRule>NO ACTION</deleteRule>
</Relation>