<?xml version = '1.0' encoding = 'UTF-8'?>
<Relation class="oracle.dbtools.crest.model.design.logical.Relation" name="Relation_2" directorySegmentName="seg_0" id="82B41103-80FD-B781-9248-C47642EDDD4A">
<createdBy>sergi</createdBy>
<createdTime>2020-10-09 16:48:11 UTC</createdTime>
<ownerDesignName>ejercicio 5 obtubre</ownerDesignName>
<engineerTo>
<item key="034C0063-7E3B-3231-0696-9AB09CAA809C" value="true"/>
</engineerTo>
<identifying>false</identifying>
<optionalSource>true</optionalSource>
<optionalTarget>false</optionalTarget>
<sourceCardinality>1</sourceCardinality>
<sourceEntity>7CD6D622-BB0E-7C93-2AC3-586EDC36DB30</sourceEntity>
<targetCardinalityString>*</targetCardinalityString>
<targetEntity>1036A01D-6DCC-038A-3506-19BE09F67B9A</targetEntity>
<transferable>true</transferable>
<deleteRule>NO ACTION</deleteRule>
</Relation>