<?xml version = '1.0' encoding = 'UTF-8'?>
<Relation class="oracle.dbtools.crest.model.design.logical.Relation" name="Relation_8" directorySegmentName="seg_0" id="8B2DFCF2-FFA0-F8D6-DA94-25F76B654D92">
<createdBy>sergi</createdBy>
<createdTime>2020-10-09 17:03:23 UTC</createdTime>
<ownerDesignName>ejercicio 5 obtubre</ownerDesignName>
<engineerTo>
<item key="034C0063-7E3B-3231-0696-9AB09CAA809C" value="true"/>
</engineerTo>
<identifying>false</identifying>
<optionalSource>true</optionalSource>
<optionalTarget>false</optionalTarget>
<sourceCardinality>1</sourceCardinality>
<sourceEntity>08133598-F1C3-BF49-BF62-35E03B0044EA</sourceEntity>
<targetCardinalityString>*</targetCardinalityString>
<targetEntity>3EFFA9AA-B823-4FD5-C695-7987468A2538</targetEntity>
<transferable>true</transferable>
<deleteRule>NO ACTION</deleteRule>
</Relation>