<?xml version = '1.0' encoding = 'UTF-8'?>
<Relation class="oracle.dbtools.crest.model.design.logical.Relation" name="Relation_4" directorySegmentName="seg_0" id="94C654AB-7623-E28A-CDA0-01CFC0B797DA">
<createdBy>sergi</createdBy>
<createdTime>2020-10-09 16:51:54 UTC</createdTime>
<ownerDesignName>ejercicio 5 obtubre</ownerDesignName>
<engineerTo>
<item key="034C0063-7E3B-3231-0696-9AB09CAA809C" value="true"/>
</engineerTo>
<identifying>false</identifying>
<optionalSource>true</optionalSource>
<optionalTarget>false</optionalTarget>
<sourceCardinality>*</sourceCardinality>
<sourceEntity>EA4600F5-3D74-CB35-9FE4-FE8C786DF8F3</sourceEntity>
<targetCardinalityString>1</targetCardinalityString>
<targetEntity>64486E53-85A9-28A3-D13B-22ABF929678E</targetEntity>
<transferable>true</transferable>
<deleteRule>NO ACTION</deleteRule>
</Relation>