<?xml version = '1.0' encoding = 'UTF-8'?>
<Relation class="oracle.dbtools.crest.model.design.logical.Relation" name="Relation_6" directorySegmentName="seg_0" id="CBBEC74D-0440-81B6-B290-22726072D657">
<createdBy>sergi</createdBy>
<createdTime>2020-10-09 17:01:07 UTC</createdTime>
<ownerDesignName>ejercicio 5 obtubre</ownerDesignName>
<engineerTo>
<item key="034C0063-7E3B-3231-0696-9AB09CAA809C" value="true"/>
</engineerTo>
<identifying>false</identifying>
<optionalSource>true</optionalSource>
<optionalTarget>false</optionalTarget>
<sourceCardinality>*</sourceCardinality>
<sourceEntity>08133598-F1C3-BF49-BF62-35E03B0044EA</sourceEntity>
<targetCardinalityString>1</targetCardinalityString>
<targetEntity>7CD6D622-BB0E-7C93-2AC3-586EDC36DB30</targetEntity>
<transferable>true</transferable>
<deleteRule>NO ACTION</deleteRule>
</Relation>