<?xml version = '1.0' encoding = 'UTF-8'?>
<FKIndexAssociation class="oracle.dbtools.crest.model.design.relational.FKIndexAssociation" directorySegmentName="seg_0" id="0475A940-4B46-48A2-C2E3-3DA6E8137766" containerWithKeyObject="223C5E9E-D60F-F406-4E7E-059080FDBC95" localFKIndex="1A5DCFFD-C4DA-7B05-6D24-DD1972A68F37" name="Reciben_ENVIOS_FK">
<createdBy>sergi</createdBy>
<createdTime>2019-01-08 12:42:04 UTC</createdTime>
<generatorID>998F9661-9F43-E34A-7433-B1E505DC938F</generatorID>
<ownerDesignName>proyecto acoes</ownerDesignName>
<referredTableLongName>ENVIOS</referredTableLongName>
<deleteRule>NO ACTION</deleteRule>
<referredTableID>6040A89A-6CD4-7318-7AB8-66E1F7BB5331</referredTableID>
<keyObject>86798B83-4716-8B87-C8EE-7155542E7E20</keyObject>
<referredKeyID>86798B83-4716-8B87-C8EE-7155542E7E20</referredKeyID>
<mandatory>true</mandatory>
<refColNames>codigo</refColNames>
<transferable>true</transferable>
<rely>false</rely>
<columnDependencyConstraintGenerateInDDL>true</columnDependencyConstraintGenerateInDDL>
</FKIndexAssociation>