<?xml version = '1.0' encoding = 'UTF-8'?>
<FKIndexAssociation class="oracle.dbtools.crest.model.design.relational.FKIndexAssociation" directorySegmentName="seg_0" id="0A38AE5D-3E92-9F99-D68A-56B56279F40A" containerWithKeyObject="D1023E78-4411-2DA5-1E37-60B2BCEA81FD" localFKIndex="5C88B412-71C2-EF92-77C6-4B353E358438" name="Existen_POPULORUM_FK">
<createdBy>sergi</createdBy>
<createdTime>2018-12-30 11:59:26 UTC</createdTime>
<generatorID>936ADA2B-8723-5978-B10B-2D0FEF13B90D</generatorID>
<ownerDesignName>Trabajo final</ownerDesignName>
<referredTableLongName>POPULORUM</referredTableLongName>
<deleteRule>NO ACTION</deleteRule>
<referredTableID>D69C7207-ACF8-680E-EF13-5F6228B4A99A</referredTableID>
<keyObject>B1C2432D-93BF-667D-5210-216E1D6E9AD7</keyObject>
<referredKeyID>B1C2432D-93BF-667D-5210-216E1D6E9AD7</referredKeyID>
<mandatory>true</mandatory>
<refColNames>codigo</refColNames>
<transferable>true</transferable>
<rely>false</rely>
<columnDependencyConstraintGenerateInDDL>true</columnDependencyConstraintGenerateInDDL>
</FKIndexAssociation>