<?xml version = '1.0' encoding = 'UTF-8'?>
<FKIndexAssociation class="oracle.dbtools.crest.model.design.relational.FKIndexAssociation" directorySegmentName="seg_0" id="141E0228-A243-7412-B2D3-5E9673B4EB78" containerWithKeyObject="D1023E78-4411-2DA5-1E37-60B2BCEA81FD" localFKIndex="FC4A0B43-CE8D-B38D-9DBC-04912E734E92" name="Existen_TAREAS_FK">
<createdBy>sergi</createdBy>
<createdTime>2018-12-30 11:59:26 UTC</createdTime>
<generatorID>936ADA2B-8723-5978-B10B-2D0FEF13B90D</generatorID>
<ownerDesignName>Trabajo final</ownerDesignName>
<referredTableLongName>TAREAS</referredTableLongName>
<deleteRule>NO ACTION</deleteRule>
<referredTableID>56A63745-0E83-7B38-2FD0-4580D344660F</referredTableID>
<keyObject>5BFB7EE3-7686-E293-00E3-EA1A9675BE93</keyObject>
<referredKeyID>5BFB7EE3-7686-E293-00E3-EA1A9675BE93</referredKeyID>
<mandatory>true</mandatory>
<refColNames>nombre</refColNames>
<transferable>true</transferable>
<rely>false</rely>
<columnDependencyConstraintGenerateInDDL>true</columnDependencyConstraintGenerateInDDL>
</FKIndexAssociation>