<?xml version = '1.0' encoding = 'UTF-8'?>
<FKIndexAssociation class="oracle.dbtools.crest.model.design.relational.FKIndexAssociation" directorySegmentName="seg_0" id="22C2FBEE-2D87-B1EB-484D-E9E77D13C13B" containerWithKeyObject="2D6B7974-951E-A4CB-2A3F-F50ED3FAB293" localFKIndex="D572DEA1-F5F7-C094-8CAD-115E9F360DE5" name="Hacen_llegar_SOCIO_FK">
<createdBy>sergi</createdBy>
<createdTime>2019-01-08 12:42:04 UTC</createdTime>
<generatorID>FAB7DC26-B902-F1E7-870C-68C057EDB0F1</generatorID>
<ownerDesignName>proyecto acoes</ownerDesignName>
<referredTableLongName>SOCIO</referredTableLongName>
<deleteRule>NO ACTION</deleteRule>
<referredTableID>4D453827-558C-550B-7B50-CC6F357BD7DC</referredTableID>
<keyObject>9E204A8A-3786-E84B-D876-4790338F66A8</keyObject>
<referredKeyID>9E204A8A-3786-E84B-D876-4790338F66A8</referredKeyID>
<mandatory>true</mandatory>
<refColNames>codigo</refColNames>
<transferable>true</transferable>
<rely>false</rely>
<columnDependencyConstraintGenerateInDDL>true</columnDependencyConstraintGenerateInDDL>
</FKIndexAssociation>