<?xml version = '1.0' encoding = 'UTF-8'?>
<FKIndexAssociation class="oracle.dbtools.crest.model.design.relational.FKIndexAssociation" directorySegmentName="seg_0" id="23119B1B-FDB3-664B-B950-D93B59B99C08" containerWithKeyObject="1360A383-9BDF-7659-B582-052F9CA02180" localFKIndex="D43C3BDF-2B99-081C-3D94-85C9FFDB1842" name="Realizan_RESIDENTE_FK">
<createdBy>sergi</createdBy>
<createdTime>2018-12-30 11:59:26 UTC</createdTime>
<generatorID>48CBA5D9-4C35-3C8F-B80C-B89062F8F0C9</generatorID>
<ownerDesignName>Trabajo final</ownerDesignName>
<referredTableLongName>RESIDENTE</referredTableLongName>
<deleteRule>NO ACTION</deleteRule>
<referredTableID>A364B05C-8E70-92BF-C8C1-458A181D22CE</referredTableID>
<keyObject>E90BABF4-04E9-1D5F-114F-7978512AB1E3</keyObject>
<referredKeyID>E90BABF4-04E9-1D5F-114F-7978512AB1E3</referredKeyID>
<mandatory>true</mandatory>
<refColNames>codigo</refColNames>
<transferable>true</transferable>
<rely>false</rely>
<columnDependencyConstraintGenerateInDDL>true</columnDependencyConstraintGenerateInDDL>
</FKIndexAssociation>