<?xml version = '1.0' encoding = 'UTF-8'?>
<FKIndexAssociation class="oracle.dbtools.crest.model.design.relational.FKIndexAssociation" directorySegmentName="seg_0" id="4C10A023-CA26-724A-3B3F-1690CD39BDF7" containerWithKeyObject="B6707B6F-B7E1-12B6-D76A-CD3B7131BF81" localFKIndex="86BE31FD-7A75-D489-3D6B-7796388CABD3" name="Relation_20_PROYECTO_FK">
<createdBy>sergi</createdBy>
<createdTime>2018-11-23 17:14:20 UTC</createdTime>
<generatorID>BA6C8E94-BF87-76DF-1319-09BC1B7B48AF</generatorID>
<ownerDesignName>Trabajo final</ownerDesignName>
<referredTableLongName>PROYECTO</referredTableLongName>
<deleteRule>NO ACTION</deleteRule>
<referredTableID>2CA180C8-3788-B42A-3A50-69D61E38A799</referredTableID>
<keyObject>9FF6C69E-FEF7-A0B7-5307-555FEBDC0158</keyObject>
<referredKeyID>9FF6C69E-FEF7-A0B7-5307-555FEBDC0158</referredKeyID>
<mandatory>true</mandatory>
<refColNames>codigo</refColNames>
<transferable>true</transferable>
<rely>false</rely>
<columnDependencyConstraintGenerateInDDL>true</columnDependencyConstraintGenerateInDDL>
</FKIndexAssociation>