<?xml version = '1.0' encoding = 'UTF-8'?>
<FKIndexAssociation class="oracle.dbtools.crest.model.design.relational.FKIndexAssociation" directorySegmentName="seg_0" id="70A2956A-BF11-E877-4AC3-D42559184BD9" containerWithKeyObject="1360A383-9BDF-7659-B582-052F9CA02180" localFKIndex="78F134C7-24A8-82E4-3943-8BDB98FDCB73" name="Realizan_TAREAS_FK">
<createdBy>sergi</createdBy>
<createdTime>2018-12-30 11:59:26 UTC</createdTime>
<generatorID>48CBA5D9-4C35-3C8F-B80C-B89062F8F0C9</generatorID>
<ownerDesignName>Trabajo final</ownerDesignName>
<referredTableLongName>TAREAS</referredTableLongName>
<deleteRule>NO ACTION</deleteRule>
<referredTableID>56A63745-0E83-7B38-2FD0-4580D344660F</referredTableID>
<keyObject>5BFB7EE3-7686-E293-00E3-EA1A9675BE93</keyObject>
<referredKeyID>5BFB7EE3-7686-E293-00E3-EA1A9675BE93</referredKeyID>
<mandatory>true</mandatory>
<refColNames>nombre</refColNames>
<transferable>true</transferable>
<rely>false</rely>
<columnDependencyConstraintGenerateInDDL>true</columnDependencyConstraintGenerateInDDL>
</FKIndexAssociation>