<?xml version = '1.0' encoding = 'UTF-8'?>
<FKIndexAssociation class="oracle.dbtools.crest.model.design.relational.FKIndexAssociation" directorySegmentName="seg_0" id="7A74B22A-39A0-656D-482F-11EAFBAFA056" containerWithKeyObject="D69C7207-ACF8-680E-EF13-5F6228B4A99A" localFKIndex="5074CAAC-FD9D-0749-535F-3A997434F41E" name="POPULORUM_PROYECTO_FK">
<createdBy>sergi</createdBy>
<createdTime>2018-11-23 17:14:20 UTC</createdTime>
<generatorID>29EE4FB5-E3DC-3978-E256-A6DF34973118</generatorID>
<ownerDesignName>Trabajo final</ownerDesignName>
<referredTableLongName>PROYECTO</referredTableLongName>
<deleteRule>NO ACTION</deleteRule>
<referredTableID>2CA180C8-3788-B42A-3A50-69D61E38A799</referredTableID>
<keyObject>9FF6C69E-FEF7-A0B7-5307-555FEBDC0158</keyObject>
<referredKeyID>9FF6C69E-FEF7-A0B7-5307-555FEBDC0158</referredKeyID>
<mandatory>false</mandatory>
<refColNames>codigo</refColNames>
<transferable>true</transferable>
<rely>false</rely>
<columnDependencyConstraintGenerateInDDL>true</columnDependencyConstraintGenerateInDDL>
</FKIndexAssociation>