<?xml version = '1.0' encoding = 'UTF-8'?>
<FKIndexAssociation class="oracle.dbtools.crest.model.design.relational.FKIndexAssociation" directorySegmentName="seg_0" id="7B61DDD9-32E1-FE64-B366-3156420D6830" containerWithKeyObject="D01FE9F1-AA3B-5841-B1A5-AFF3CC36C391" localFKIndex="B61ED9E4-F7F5-9A41-2BD3-16632447138B" name="EDUCACION_FORMACION_CENTRO_FK">
<createdBy>sergi</createdBy>
<createdTime>2018-11-23 17:14:20 UTC</createdTime>
<generatorID>549D520E-79FE-874F-CFD9-5C1A3B5B3984</generatorID>
<ownerDesignName>Trabajo final</ownerDesignName>
<referredTableLongName>CENTRO</referredTableLongName>
<arc>6E090118-46D8-8A36-8A6F-13BF0C3A8A19</arc>
<deleteRule>NO ACTION</deleteRule>
<referredTableID>D58CDEB2-A828-DF01-66FA-993BE9ABD3AF</referredTableID>
<keyObject>BF7464CC-F3B6-94C3-4A6E-A8A9663CD885</keyObject>
<referredKeyID>BF7464CC-F3B6-94C3-4A6E-A8A9663CD885</referredKeyID>
<mandatory>true</mandatory>
<refColNames>codigo</refColNames>
<transferable>true</transferable>
<rely>false</rely>
<columnDependencyConstraintGenerateInDDL>true</columnDependencyConstraintGenerateInDDL>
</FKIndexAssociation>