<?xml version = '1.0' encoding = 'UTF-8'?>
<FKIndexAssociation class="oracle.dbtools.crest.model.design.relational.FKIndexAssociation" directorySegmentName="seg_0" id="B4BF8D2B-ED3C-720B-4EC4-9BCBCE556CA4" containerWithKeyObject="B6707B6F-B7E1-12B6-D76A-CD3B7131BF81" localFKIndex="4D19235C-3A1C-D3BD-726C-93A03F2E80ED" name="Relation_20_PERSONAL_FK">
<createdBy>sergi</createdBy>
<createdTime>2018-11-23 17:14:20 UTC</createdTime>
<generatorID>BA6C8E94-BF87-76DF-1319-09BC1B7B48AF</generatorID>
<ownerDesignName>Trabajo final</ownerDesignName>
<referredTableLongName>PERSONAL</referredTableLongName>
<deleteRule>NO ACTION</deleteRule>
<referredTableID>1EA390BB-47E4-B952-40F7-BB98298A2B8A</referredTableID>
<keyObject>E8B645A5-95E9-D598-D5D4-D0577EB2FB39</keyObject>
<referredKeyID>E8B645A5-95E9-D598-D5D4-D0577EB2FB39</referredKeyID>
<mandatory>true</mandatory>
<refColNames>identificador</refColNames>
<transferable>true</transferable>
<rely>false</rely>
<columnDependencyConstraintGenerateInDDL>true</columnDependencyConstraintGenerateInDDL>
</FKIndexAssociation>