<?xml version = '1.0' encoding = 'UTF-8'?>
<FKIndexAssociation class="oracle.dbtools.crest.model.design.relational.FKIndexAssociation" directorySegmentName="seg_0" id="B8A138C5-D860-E21E-73CB-B587E619DB12" containerWithKeyObject="D58CDEB2-A828-DF01-66FA-993BE9ABD3AF" localFKIndex="89127D3A-2D73-DFB1-57BF-23626D72D80A" name="CENTRO_PROYECTO_FK">
<createdBy>sergi</createdBy>
<createdTime>2018-11-23 17:14:20 UTC</createdTime>
<generatorID>20D4982C-6301-C561-EF84-F8950CE3E18C</generatorID>
<ownerDesignName>Trabajo final</ownerDesignName>
<referredTableLongName>PROYECTO</referredTableLongName>
<deleteRule>NO ACTION</deleteRule>
<referredTableID>2CA180C8-3788-B42A-3A50-69D61E38A799</referredTableID>
<keyObject>9FF6C69E-FEF7-A0B7-5307-555FEBDC0158</keyObject>
<referredKeyID>9FF6C69E-FEF7-A0B7-5307-555FEBDC0158</referredKeyID>
<mandatory>false</mandatory>
<refColNames>codigo</refColNames>
<transferable>true</transferable>
<rely>false</rely>
<columnDependencyConstraintGenerateInDDL>true</columnDependencyConstraintGenerateInDDL>
</FKIndexAssociation>