<?xml version = '1.0' encoding = 'UTF-8'?>
<FKIndexAssociation class="oracle.dbtools.crest.model.design.relational.FKIndexAssociation" directorySegmentName="seg_0" id="C7CEF009-4A67-9D79-D111-4FEF8CEAC56B" containerWithKeyObject="2D6B7974-951E-A4CB-2A3F-F50ED3FAB293" localFKIndex="2DB3EBFC-CF71-79A2-0D3F-E3453EB53FCB" name="Hacen_llegar_ENVIOS_FK">
<createdBy>sergi</createdBy>
<createdTime>2019-01-08 12:42:04 UTC</createdTime>
<generatorID>FAB7DC26-B902-F1E7-870C-68C057EDB0F1</generatorID>
<ownerDesignName>proyecto acoes</ownerDesignName>
<referredTableLongName>ENVIOS</referredTableLongName>
<deleteRule>NO ACTION</deleteRule>
<referredTableID>6040A89A-6CD4-7318-7AB8-66E1F7BB5331</referredTableID>
<keyObject>86798B83-4716-8B87-C8EE-7155542E7E20</keyObject>
<referredKeyID>86798B83-4716-8B87-C8EE-7155542E7E20</referredKeyID>
<mandatory>true</mandatory>
<refColNames>codigo</refColNames>
<transferable>true</transferable>
<rely>false</rely>
<columnDependencyConstraintGenerateInDDL>true</columnDependencyConstraintGenerateInDDL>
</FKIndexAssociation>