<?xml version = '1.0' encoding = 'UTF-8'?>
<FKIndexAssociation class="oracle.dbtools.crest.model.design.relational.FKIndexAssociation" directorySegmentName="seg_0" id="CABF2C59-8B6F-B2E2-3A8B-1EFBC320079B" containerWithKeyObject="A13C2DA8-3050-095E-1B8B-06D5942E7A06" localFKIndex="9B8900AD-2CBC-2049-1109-14831543EAA6" name="INGRESOS_SOCIO_FK">
<createdBy>sergi</createdBy>
<createdTime>2018-11-23 17:14:20 UTC</createdTime>
<generatorID>10217543-1311-5874-57E3-006FD27C99A8</generatorID>
<ownerDesignName>Trabajo final</ownerDesignName>
<referredTableLongName>SOCIO</referredTableLongName>
<deleteRule>NO ACTION</deleteRule>
<referredTableID>4D453827-558C-550B-7B50-CC6F357BD7DC</referredTableID>
<keyObject>9E204A8A-3786-E84B-D876-4790338F66A8</keyObject>
<referredKeyID>9E204A8A-3786-E84B-D876-4790338F66A8</referredKeyID>
<mandatory>true</mandatory>
<refColNames>codigo</refColNames>
<transferable>true</transferable>
<rely>false</rely>
<columnDependencyConstraintGenerateInDDL>true</columnDependencyConstraintGenerateInDDL>
</FKIndexAssociation>