<?xml version = '1.0' encoding = 'UTF-8'?>
<FKIndexAssociation class="oracle.dbtools.crest.model.design.relational.FKIndexAssociation" directorySegmentName="seg_0" id="CB893B25-5279-22C6-5947-726F0F0E1BBB" containerWithKeyObject="0C727769-9855-7841-3A29-1924925C707F" localFKIndex="D7E2FED4-EE06-7380-254A-38C6032B6B56" name="GASTOS_BENEFICIARIO_FK">
<createdBy>sergi</createdBy>
<createdTime>2018-11-23 17:14:20 UTC</createdTime>
<generatorID>8C855C42-D9A2-853D-8ECE-D5759E340C59</generatorID>
<ownerDesignName>Trabajo final</ownerDesignName>
<referredTableLongName>BENEFICIARIO</referredTableLongName>
<deleteRule>NO ACTION</deleteRule>
<referredTableID>C49BD839-AA17-68DF-CA38-93ED9037932A</referredTableID>
<keyObject>8D240493-7008-D248-9A25-72E879E01F89</keyObject>
<referredKeyID>8D240493-7008-D248-9A25-72E879E01F89</referredKeyID>
<mandatory>true</mandatory>
<refColNames>codigo</refColNames>
<transferable>true</transferable>
<rely>false</rely>
<columnDependencyConstraintGenerateInDDL>true</columnDependencyConstraintGenerateInDDL>
</FKIndexAssociation>