<?xml version = '1.0' encoding = 'UTF-8'?>
<FKIndexAssociation class="oracle.dbtools.crest.model.design.relational.FKIndexAssociation" directorySegmentName="seg_0" id="E02C5A90-B176-169A-DA7F-922105B970B7" containerWithKeyObject="223C5E9E-D60F-F406-4E7E-059080FDBC95" localFKIndex="C5BF7659-1A12-5FA7-85FC-611E94D3D77A" name="Reciben_BENEFICIARIO_FK">
<createdBy>sergi</createdBy>
<createdTime>2019-01-08 12:42:04 UTC</createdTime>
<generatorID>998F9661-9F43-E34A-7433-B1E505DC938F</generatorID>
<ownerDesignName>proyecto acoes</ownerDesignName>
<referredTableLongName>BENEFICIARIO</referredTableLongName>
<deleteRule>NO ACTION</deleteRule>
<referredTableID>C49BD839-AA17-68DF-CA38-93ED9037932A</referredTableID>
<keyObject>8D240493-7008-D248-9A25-72E879E01F89</keyObject>
<referredKeyID>8D240493-7008-D248-9A25-72E879E01F89</referredKeyID>
<mandatory>true</mandatory>
<refColNames>codigo</refColNames>
<transferable>true</transferable>
<rely>false</rely>
<columnDependencyConstraintGenerateInDDL>true</columnDependencyConstraintGenerateInDDL>
</FKIndexAssociation>