<?xml version = '1.0' encoding = 'UTF-8'?>
<FKIndexAssociation class="oracle.dbtools.crest.model.design.relational.FKIndexAssociation" directorySegmentName="seg_0" id="E1DBB4EA-0D6D-461C-155B-C5F7B30CE604" containerWithKeyObject="0C727769-9855-7841-3A29-1924925C707F" localFKIndex="303ACA33-7E2E-C144-CBFA-9183070FF056" name="GASTOS_PROYECTO_FK">
<createdBy>sergi</createdBy>
<createdTime>2018-11-23 17:14:20 UTC</createdTime>
<generatorID>A417BD20-861A-3CCC-3B5D-8E0768B4A805</generatorID>
<ownerDesignName>Trabajo final</ownerDesignName>
<referredTableLongName>PROYECTO</referredTableLongName>
<deleteRule>NO ACTION</deleteRule>
<referredTableID>2CA180C8-3788-B42A-3A50-69D61E38A799</referredTableID>
<keyObject>9FF6C69E-FEF7-A0B7-5307-555FEBDC0158</keyObject>
<referredKeyID>9FF6C69E-FEF7-A0B7-5307-555FEBDC0158</referredKeyID>
<mandatory>true</mandatory>
<refColNames>codigo</refColNames>
<transferable>true</transferable>
<rely>false</rely>
<columnDependencyConstraintGenerateInDDL>true</columnDependencyConstraintGenerateInDDL>
</FKIndexAssociation>