<?xml version = '1.0' encoding = 'UTF-8'?>
<FKIndexAssociation class="oracle.dbtools.crest.model.design.relational.FKIndexAssociation" directorySegmentName="seg_0" id="F457C2FE-AB6D-BC00-C7DF-B1C3F38CBE18" containerWithKeyObject="A13C2DA8-3050-095E-1B8B-06D5942E7A06" localFKIndex="4F8F6828-968F-A4BD-4662-ABBD6434489A" name="INGRESOS_PROYECTO_FK">
<createdBy>sergi</createdBy>
<createdTime>2018-11-23 17:14:20 UTC</createdTime>
<generatorID>105D89EB-B8AA-D59B-DBA4-A5BCAA36FF84</generatorID>
<ownerDesignName>Trabajo final</ownerDesignName>
<referredTableLongName>PROYECTO</referredTableLongName>
<deleteRule>NO ACTION</deleteRule>
<referredTableID>2CA180C8-3788-B42A-3A50-69D61E38A799</referredTableID>
<keyObject>9FF6C69E-FEF7-A0B7-5307-555FEBDC0158</keyObject>
<referredKeyID>9FF6C69E-FEF7-A0B7-5307-555FEBDC0158</referredKeyID>
<mandatory>true</mandatory>
<refColNames>codigo</refColNames>
<transferable>true</transferable>
<rely>false</rely>
<columnDependencyConstraintGenerateInDDL>true</columnDependencyConstraintGenerateInDDL>
</FKIndexAssociation>